ID,Effect,EffectBasePoints,EffectIndex,EffectAura,DifficultyID,EffectAmplitude,EffectAuraPeriod,EffectBonusCoefficient,EffectChainAmplitude,EffectChainTargets,EffectDieSides,EffectItemType,EffectMechanic,EffectPointsPerResource,EffectRealPointsPerLevel,EffectTriggerSpell,EffectPos_facing,EffectAttributes,BonusCoefficientFromAP,PvpMultiplier,Coefficient,Variance,ResourceCoefficient,GroupSizeBasePointsCoefficient,EffectSpellClassMask_0,EffectSpellClassMask_1,EffectSpellClassMask_2,EffectSpellClassMask_3,EffectMiscValue_0,EffectMiscValue_1,EffectRadiusIndex_0,EffectRadiusIndex_1,ImplicitTarget_0,ImplicitTarget_1,SpellID
769,6,500,0,16,0,0,0,0,1,0,0,0,0,0,5,0,0,0,0,1,0,0,0,1,0,0,0,0,0,0,0,0,1,0,2585
1268,6,5,0,16,0,0,0,0,1,0,0,0,0,0,0,0,0,0,0,1,0,0,0,1,0,0,0,0,0,0,0,0,1,0,3648
1852,6,80,0,16,0,0,0,0,1,0,0,0,0,0,5,0,0,0,0,1,0,0,0,1,0,0,0,0,0,0,0,0,1,0,5215
2060,6,5,0,16,0,0,0,0,1,0,0,0,0,0,0,0,0,0,0,1,0,0,0,1,0,0,0,0,0,0,0,0,1,0,5858
2220,6,4,1,139,0,0,0,1,1,0,0,0,0,0,0,0,0,0,0,1,0,0,0,1,0,0,0,0,575,0,0,0,1,0,6405
2303,6,140,0,16,0,0,0,0,1,0,0,0,0,0,5,0,0,0,0,1,0,0,0,1,0,0,0,0,0,0,0,0,1,0,6538
2363,6,300,0,16,0,0,0,0,1,0,0,0,0,0,0,0,0,0,0,1,0,0,0,1,0,0,0,0,0,0,0,0,1,0,6634
3331,6,5,0,16,0,0,0,0,1,0,0,0,0,0,5,0,0,0,0,1,0,0,0,1,0,0,0,0,0,0,0,0,1,0,8152
3361,6,5,0,16,0,0,0,0,1,0,0,0,0,0,2.5,0,0,0,0,1,0,0,0,1,0,0,0,0,0,0,0,0,1,0,8218
3680,6,9999,0,16,0,0,0,0,1,0,0,0,0,0,0,0,0,0,0,1,0,0,0,1,0,0,0,0,0,0,0,0,1,0,8822
4052,6,5,0,16,0,0,0,0,1,0,0,0,0,0,0,0,0,0,0,1,0,0,0,1,0,0,0,0,0,0,0,0,1,0,9572
4103,6,180,1,16,0,0,0,0,1,0,0,0,0,0,5,0,0,0,0,1,0,0,0,1,0,0,0,0,0,0,0,0,1,0,9736
4109,6,180,1,16,0,0,0,0,1,0,0,0,0,0,5,0,0,0,0,1,0,0,0,1,0,0,0,0,0,0,0,0,1,0,9740
4237,6,9999,0,16,0,0,0,0,1,0,0,0,0,0,0,0,0,0,0,1,0,0,0,1,0,0,0,0,0,0,0,0,1,0,10032
4767,6,1000,1,16,0,0,0,0,1,0,0,0,0,0,0,0,0,0,0,1,0,0,0,1,0,0,0,0,0,0,0,0,1,0,11327
7922,6,99999,0,16,0,0,0,0,1,0,0,0,0,0,0,0,0,0,0,1,0,0,0,1,0,0,0,0,0,0,0,0,1,0,16122
9551,6,4,0,139,0,0,0,1,1,0,0,0,0,0,0,0,0,0,0,1,0,0,0,1,0,0,0,0,56,0,0,0,0,0,17961
10918,6,4,0,139,0,0,0,1,1,0,0,0,0,0,0,0,0,0,0,1,0,0,0,1,0,0,0,0,56,0,0,0,1,0,19690
11099,6,4,0,139,0,0,0,1,1,0,0,0,0,0,0,0,0,0,0,1,0,0,0,1,0,0,0,0,80,0,0,0,1,0,19937
11529,6,5,0,16,0,0,0,0,1,0,0,0,0,0,0,0,0,0,0,1,0,0,0,1,0,0,0,0,0,0,0,0,1,0,20540
11924,6,10000,0,16,0,0,0,1,1,0,0,0,0,0,0,0,0,0,0,1,0,0,0,1,0,0,0,0,0,0,0,0,1,0,21107
11947,6,4,0,139,0,0,0,1,1,0,0,0,0,0,0,0,0,0,0,1,0,0,0,1,0,0,0,0,48,0,0,0,1,0,21134
12958,6,4,2,139,0,0,0,1,1,0,0,0,0,0,0,0,0,0,0,1,0,0,0,1,0,0,0,0,829,0,0,0,1,0,22736
12986,6,1,0,16,0,0,0,0,1,0,0,0,0,0,0,0,0,0,0,1,0,0,0,1,0,0,0,0,0,0,0,0,1,0,22766
13009,6,4,0,139,0,0,0,1,1,0,0,0,0,0,0,0,0,0,0,1,0,0,0,1,0,0,0,0,38,0,0,0,25,0,22799
13417,6,4,0,139,0,0,0,1,1,0,0,0,0,0,0,0,0,0,0,1,0,0,0,1,0,0,0,0,869,0,0,0,1,0,23179
14686,6,100,0,16,0,0,0,0,1,0,0,0,0,0,5,0,0,0,0,1,0,0,0,1,0,0,0,0,0,0,0,0,1,0,24450
14871,6,1000,1,16,0,0,0,1,1,0,0,0,0,0,0,0,0,0,0,1,0,0,0,1,0,0,0,0,0,0,0,0,6,0,24690
15455,6,0,1,139,0,0,0,0,1,0,0,0,0,0,0,0,0,0,0,1,0,0,0,1,0,0,0,0,7,0,0,0,1,0,25285
16337,6,10000,1,16,0,0,0,1,1,0,0,0,0,0,0,0,0,0,0,1,0,0,0,1,0,0,0,0,0,0,0,0,1,0,26381
17734,6,1,0,139,0,0,0,1,1,0,0,0,0,0,0,0,0,0,0,1,0,0,0,1,0,0,0,0,529,0,0,0,1,0,28282
17902,6,0,0,139,0,0,0,1,1,0,0,0,0,0,0,0,0,0,0,1,0,0,0,1,0,0,0,0,56,0,0,0,1,0,28442
18986,6,9999,0,16,0,0,0,0,1,0,0,0,0,0,0,0,0,0,0,1,0,0,0,1,0,0,0,0,0,0,0,0,1,0,29448
19067,6,1,1,139,0,0,0,0,1,0,0,0,0,0,0,0,0,0,0,1,0,0,0,1,0,0,0,0,950,0,0,0,1,0,29519
19482,35,4,0,139,0,0,0,0,1,0,0,0,0,0,0,0,0,0,0,1,0,0,0,1,0,0,0,0,941,0,10,0,1,0,29938
20032,6,0,2,139,0,0,0,0,1,0,0,0,0,0,0,0,0,0,0,1,0,0,0,1,0,0,0,0,1059,0,0,0,1,0,30452
20437,6,1,0,16,0,0,0,0,1,0,0,0,0,0,5,0,0,0,0,1,0,0,0,1,0,0,0,0,0,0,0,0,1,0,30831
20628,6,1,0,16,0,0,0,0,1,0,0,0,0,0,5,0,0,0,0,1,0,0,0,1,0,0,0,0,0,0,0,0,1,0,30991
21129,6,1,0,16,0,0,0,0,1,0,0,0,0,0,5,0,0,0,0,1,0,0,0,1,0,0,0,0,0,0,0,0,1,0,31526
21238,6,9999,0,16,0,0,0,0,1,0,0,0,0,0,0,0,0,0,0,1,0,0,0,1,0,0,0,0,0,0,0,0,1,0,31621
21745,6,4,1,139,0,0,0,0,1,0,0,0,0,0,0,0,0,0,0,1,0,0,0,1,0,0,0,0,45,0,0,0,1,0,32038
21945,6,65,0,16,0,0,0,0,1,0,0,0,0,0,5,0,0,0,0,1,0,0,0,1,0,0,0,0,0,0,0,0,1,0,32199
22230,6,5,1,139,0,0,0,0,1,0,0,0,0,0,0,0,0,0,0,1,0,0,0,1,0,0,0,0,983,0,0,0,25,0,32430
22231,6,5,2,139,0,0,0,0,1,0,0,0,0,0,0,0,0,0,0,1,0,0,0,1,0,0,0,0,984,0,0,0,25,0,32430
22233,6,5,1,139,0,0,0,0,1,0,0,0,0,0,0,0,0,0,0,1,0,0,0,1,0,0,0,0,982,0,0,0,25,0,32431
22234,6,5,2,139,0,0,0,0,1,0,0,0,0,0,0,0,0,0,0,1,0,0,0,1,0,0,0,0,984,0,0,0,25,0,32431
22388,6,1,0,16,0,0,0,0,1,0,0,0,0,0,5,0,0,0,0,1,0,0,0,1,0,0,0,0,0,0,0,0,1,0,32615
22536,6,4,0,139,0,0,0,1,1,0,0,0,0,0,0,0,0,0,0,1,0,0,0,1,0,0,0,0,988,0,0,0,1,0,32756
24621,6,4,0,139,0,0,0,1,1,0,0,0,0,0,0,0,0,0,0,1,0,0,0,1,0,0,0,0,968,0,0,0,1,0,34603
25351,6,9999,0,16,0,0,0,0,1,0,0,0,0,0,0,0,0,0,0,1,0,0,0,1,0,0,0,0,0,0,0,0,1,0,35205
25599,6,3,1,139,0,0,0,0,1,0,0,0,0,0,0,0,0,0,0,1,0,0,0,1,0,0,0,0,1013,0,0,0,1,0,35409
27548,6,4,1,139,0,0,0,0,1,0,0,0,0,0,0,0,0,0,0,1,0,0,0,1,0,0,0,0,968,0,0,0,1,0,37093
27551,6,4,1,139,0,0,0,0,1,0,0,0,0,0,0,0,0,0,0,1,0,0,0,1,0,0,0,0,968,0,0,0,1,0,37095
27554,6,3,1,139,0,0,0,0,1,0,0,0,0,0,0,0,0,0,0,1,0,0,0,1,0,0,0,0,73,0,0,0,1,0,37097
27983,6,3,1,139,0,0,0,0,1,0,0,0,0,0,0,0,0,0,0,1,0,0,0,1,0,0,0,0,1013,0,0,0,1,0,37468
28017,6,1,1,139,0,0,0,0,1,0,0,0,0,0,0,0,0,0,0,1,0,0,0,1,0,0,0,0,1014,0,0,0,1,0,37495
28249,6,1,1,139,0,0,0,0,1,0,0,0,0,0,0,0,0,0,0,1,0,0,0,1,0,0,0,0,1034,0,0,0,1,0,37678
28331,6,1,1,139,0,0,0,0,1,0,0,0,0,0,0,0,0,0,0,1,0,0,0,1,0,0,0,0,1013,0,0,0,1,0,37748
28871,6,4,0,139,0,0,0,1,1,0,0,0,0,0,0,0,0,0,0,1,0,0,0,1,0,0,0,0,1016,0,0,0,1,0,38157
29206,6,1,1,139,0,0,0,0,1,0,0,0,0,0,0,0,0,0,0,1,0,0,0,1,0,0,0,0,1026,0,0,0,1,0,38438
29222,6,4,0,139,0,0,0,0,1,0,0,0,0,0,0,0,0,0,0,1,0,0,0,1,0,0,0,0,1027,0,0,0,1,0,38448
30605,6,10000,1,16,0,0,0,1,1,0,0,0,0,0,0,0,0,0,0,1,0,0,0,1,0,0,0,0,0,0,0,0,1,0,39581
30629,6,3,1,139,0,0,0,0,1,0,0,0,0,0,0,0,0,0,0,1,0,0,0,1,0,0,0,0,1013,0,0,0,1,0,39597
30872,6,1,1,139,0,0,0,0,1,0,0,0,0,0,0,0,0,0,0,1,0,0,0,1,0,0,0,0,1014,0,0,0,1,0,39841
31309,6,4,0,139,0,0,0,0,1,0,0,0,0,0,0,0,0,0,0,1,0,0,0,1,0,0,0,0,52,0,0,0,1,0,40216
33080,6,1,2,139,0,0,0,0,1,0,0,0,0,0,0,0,0,0,0,1,0,0,0,1,0,0,0,0,1018,0,0,0,25,0,41592
34027,6,1,0,16,0,0,0,0,1,0,0,0,0,0,5,0,0,0,0,1,0,0,0,1,0,0,0,0,0,0,0,0,1,0,42347
34518,6,0,0,139,0,0,0,0,1,0,0,0,0,0,0,0,0,0,0,1,0,0,0,1,0,0,0,0,1059,0,0,0,1,0,42792
34577,6,9999,0,16,0,0,0,0,1,0,0,0,0,0,0,0,0,0,0,1,0,0,0,1,0,0,0,0,0,0,0,0,1,0,42866
34622,6,1,0,16,0,0,0,0,1,0,0,0,0,0,5,0,0,0,0,1,0,0,0,1,0,0,0,0,0,0,0,0,1,0,42932
34625,6,9999,0,16,0,0,0,0,1,0,0,0,0,0,0,0,0,0,0,1,0,0,0,1,0,0,0,0,0,0,0,0,1,0,42943
34715,6,0,1,139,0,0,0,0,1,0,0,0,0,0,0,0,0,0,0,1,0,0,0,1,0,0,0,0,1080,0,0,0,1,0,43060
35089,6,4,0,139,0,0,0,1,1,0,0,0,0,0,0,0,0,0,0,1,0,0,0,1,0,0,0,0,1065,0,0,0,1,0,43369
35193,6,4,0,139,0,0,0,0,1,0,0,0,0,0,0,0,0,0,0,1,0,0,0,1,0,0,0,0,1070,0,13,0,18,8,43450
35249,6,1,0,139,0,0,0,0,1,0,0,0,0,0,0,0,0,0,0,1,0,0,0,1,0,0,0,0,1070,0,0,0,25,0,43492
35857,6,3,0,139,0,0,0,0,1,0,0,0,0,0,0,0,0,0,0,1,0,0,0,1,0,0,0,0,1046,0,0,0,1,0,44017
35858,6,4,0,139,0,0,0,0,1,0,0,0,0,0,0,0,0,0,0,1,0,0,0,1,0,0,0,0,1046,0,0,0,1,0,44018
35860,6,1,0,139,0,0,0,0,1,0,0,0,0,0,0,0,0,0,0,1,0,0,0,1,0,0,0,0,1074,0,0,0,1,0,44021
36309,6,1,0,139,0,0,0,0,1,0,0,0,0,0,0,0,0,0,0,1,0,0,0,1,0,0,0,0,1074,0,0,0,1,0,44410
36445,6,0,0,139,0,0,0,0,1,0,0,0,0,0,0,0,0,0,0,1,0,0,0,1,0,0,0,0,965,0,0,0,1,0,44526
36448,6,0,0,139,0,0,0,0,1,0,0,0,0,0,0,0,0,0,0,1,0,0,0,1,0,0,0,0,966,0,0,0,1,0,44527
36591,6,4,0,139,0,0,0,0,1,0,0,0,0,0,0,0,0,0,0,1,0,0,0,1,0,0,0,0,1076,0,0,0,27,0,44643
36715,6,0,0,139,0,0,0,0,1,0,0,0,0,0,0,0,0,0,0,1,0,0,0,1,0,0,0,0,966,0,0,0,1,0,44819
36718,6,0,0,139,0,0,0,0,1,0,0,0,0,0,0,0,0,0,0,1,0,0,0,1,0,0,0,0,965,0,0,0,1,0,44820
36765,6,1,0,139,0,0,0,0,1,0,0,0,0,0,0,0,0,0,0,1,0,0,0,1,0,0,0,0,960,0,0,0,1,0,44852
37039,6,0,1,139,0,0,0,0,1,0,0,0,0,0,0,0,0,0,0,1,0,0,0,1,0,0,0,0,966,0,0,0,1,0,45091
37240,6,4,1,139,0,0,0,0,1,0,0,0,0,0,0,0,0,0,0,1,0,0,0,1,0,0,0,0,19,0,0,0,1,0,45278
37625,6,0,2,139,0,0,0,0,1,0,0,0,0,0,0,0,0,0,0,1,0,0,0,1,0,0,0,0,1058,0,0,0,1,0,45636
37743,6,0,0,139,0,0,0,0,1,0,0,0,0,0,0,0,0,0,0,1,0,0,0,1,0,0,0,0,1058,0,0,0,1,0,45736
38339,6,3,1,139,0,0,0,0,1,0,0,0,0,0,0,0,0,0,0,1,0,0,0,1,0,0,0,0,942,0,0,0,25,0,46221
38357,6,3,0,139,0,0,0,0,1,0,0,0,0,0,0,0,0,0,0,1,0,0,0,1,0,0,0,0,148,0,0,0,1,0,46234
38480,6,4,0,139,0,0,0,1,1,0,0,0,0,0,0,0,0,0,0,1,0,0,0,1,0,0,0,0,88,0,0,0,1,0,46337
38913,6,0,1,139,0,0,0,0,1,0,0,0,0,0,0,0,0,0,0,1,0,0,0,1,0,0,0,0,14,0,0,0,1,0,46761
39164,6,0,1,139,0,0,0,0,1,0,0,0,0,0,0,0,0,0,0,1,0,0,0,1,0,0,0,0,1099,0,0,0,1,0,46999
39203,6,75,0,16,0,0,0,0,1,0,0,0,0,0,0,0,0,0,0,1,0,0,0,1,0,0,0,0,0,0,0,0,1,0,47032
39205,6,3,0,139,0,0,0,0,1,0,0,0,0,0,0,0,0,0,0,1,0,0,0,1,0,0,0,0,1088,0,0,0,25,0,47033
39206,6,3,0,139,0,0,0,0,1,0,0,0,0,0,0,0,0,0,0,1,0,0,0,1,0,0,0,0,1089,0,0,0,25,0,47034
39731,6,9999,2,16,0,0,0,0,1,0,0,0,0,0,0,0,0,0,0,1,0,0,0,1,0,0,0,0,0,0,0,0,1,0,47521
40232,6,4,0,139,0,0,0,0,1,0,0,0,0,0,0,0,0,0,0,1,0,0,0,1,0,0,0,0,928,0,0,0,1,0,48050
40255,6,4,1,139,0,0,0,0,1,0,0,0,0,0,0,0,0,0,0,1,0,0,0,1,0,0,0,0,1076,0,0,0,1,0,48064
40542,6,1,1,139,0,0,0,0,1,0,0,0,0,0,0,0,0,0,0,1,0,0,0,1,0,0,0,0,1058,0,0,0,1,0,48356
40914,6,3,1,139,0,0,0,0,1,0,0,0,0,0,0,0,0,0,0,1,0,0,0,1,0,0,0,0,20,0,0,0,25,0,48750
40928,6,4,1,139,0,0,0,0,1,0,0,0,0,0,0,0,0,0,0,1,0,0,0,1,0,0,0,0,56,0,0,0,1,0,48761
40931,6,4,1,139,0,0,0,0,1,0,0,0,0,0,0,0,0,0,0,1,0,0,0,1,0,0,0,0,56,0,0,0,1,0,48763
40982,6,4,2,139,0,0,0,0,1,0,0,0,0,0,0,0,0,0,0,1,0,0,0,1,0,0,0,0,945,0,0,0,1,0,48809
41020,6,4,0,139,0,0,0,0,1,0,0,0,0,0,0,0,0,0,0,1,0,0,0,1,0,0,0,0,945,0,0,0,1,0,48864
41033,6,75,1,255,0,0,0,0,1,0,0,0,0,0,0,0,0,0,0,1,0,0,0,1,0,0,0,0,15,0,0,0,6,0,48873
41161,6,0,0,139,0,0,0,0,1,0,0,0,0,0,0,0,0,0,0,1,0,0,0,1,0,0,0,0,966,0,0,0,1,0,49059
41749,6,1,0,139,0,0,0,0,1,0,0,0,0,0,0,0,0,0,0,1,0,0,0,1,0,0,0,0,1095,0,0,0,1,0,49640
42370,6,0,0,139,0,0,0,1,1,0,0,0,0,0,0,0,0,0,0,1,0,0,0,1,0,0,0,0,1100,0,0,0,1,0,50225
42371,6,0,0,139,0,0,0,1,1,0,0,0,0,0,0,0,0,0,0,1,0,0,0,1,0,0,0,0,1101,0,0,0,1,0,50226
42505,6,0,0,139,0,0,0,0,1,0,0,0,0,0,0,0,0,0,0,1,0,0,0,1,0,0,0,0,1102,0,0,0,1,0,50326
42506,6,0,0,139,0,0,0,0,1,0,0,0,0,0,0,0,0,0,0,1,0,0,0,1,0,0,0,0,1103,0,0,0,1,0,50327
44404,6,4,1,139,0,0,0,0,1,0,0,0,0,0,0,0,0,0,0,1,0,0,0,1,0,0,0,0,20,0,0,0,1,0,51966
44442,6,5000,0,16,0,0,0,0,1,0,0,0,0,0,0,0,0,0,0,1,0,0,0,1,0,0,0,0,0,0,0,0,1,0,52006
44533,6,1,0,16,0,0,0,0,1,0,0,0,0,0,0,0,0,0,0,1,0,0,0,1,0,0,0,0,0,0,0,0,1,0,52103
44625,6,4,1,139,0,0,0,0,1,0,0,0,0,0,0,0,0,0,0,1,0,0,0,1,0,0,0,0,20,0,0,0,27,0,52191
44628,6,4,1,139,0,0,0,0,1,0,0,0,0,0,0,0,0,0,0,1,0,0,0,1,0,0,0,0,20,0,0,0,1,0,52192
44819,6,3,0,139,0,0,0,0,1,0,0,0,0,0,0,0,0,0,0,1,0,0,0,1,0,0,0,0,1065,0,0,0,1,0,52351
45137,6,4,1,139,0,0,0,0,1,0,0,0,0,0,0,0,0,0,0,1,0,0,0,1,0,0,0,0,1065,0,0,0,1,0,52600
45440,6,4,1,139,0,0,0,0,1,0,0,0,0,0,0,0,0,0,0,1,0,0,0,1,0,0,0,0,20,0,0,0,1,0,52842
45666,6,1000,2,16,0,0,0,0,1,0,0,0,0,0,0,0,0,0,0,1,0,0,0,1,0,0,0,0,0,0,0,0,1,0,53061
45695,6,4,1,139,0,0,0,0,1,0,0,0,0,0,0,0,0,0,0,1,0,0,0,1,0,0,0,0,56,0,0,0,1,0,53081
47145,6,4,0,139,0,0,0,0,1,0,0,0,0,0,0,0,0,0,0,1,0,0,0,1,0,0,0,0,1121,0,0,0,25,0,54376
47638,6,4,0,139,0,0,0,0,1,0,0,0,0,0,0,0,0,0,0,1,0,0,0,1,0,0,0,0,1121,0,0,0,1,0,54784
47919,6,5,0,139,0,0,0,0,1,0,0,0,0,0,0,0,0,0,0,1,0,0,0,1,0,0,0,0,1121,0,0,0,1,0,55012
48926,6,0,1,139,0,0,0,0,1,0,0,0,0,0,0,0,0,0,0,1,0,0,0,1,0,0,0,0,7,0,0,0,6,0,55937
48944,6,4,0,139,0,0,0,0,1,0,0,0,0,0,0,0,0,0,0,1,0,0,0,1,0,0,0,0,1119,0,0,0,1,0,55953
49066,35,0,1,139,0,0,0,0,1,0,0,0,0,0,0,0,0,0,0,1,0,0,0,1,0,0,0,0,1080,0,12,0,1,0,56057
49150,6,0,0,139,0,0,0,0,1,0,0,0,0,0,0,0,0,0,0,1,0,0,0,1,0,0,0,0,1125,0,0,0,1,0,56132
50191,6,0,0,139,0,0,0,0,1,0,0,0,0,0,0,0,0,0,0,1,0,0,0,1,0,0,0,0,1125,0,0,0,1,0,57048
50939,6,30,1,255,0,0,0,0,1,0,0,0,0,0,0,0,0,0,0,1,0,0,0,1,0,0,0,0,15,0,0,0,6,0,57657
51423,6,3,0,139,0,0,0,0,1,0,0,0,0,0,0,0,0,0,0,1,0,0,0,1,0,0,0,0,20,0,0,0,25,0,58117
51424,6,3,1,139,0,0,0,0,1,0,0,0,0,0,0,0,0,0,0,1,0,0,0,1,0,0,0,0,965,0,0,0,25,0,58117
51425,6,3,2,139,0,0,0,0,1,0,0,0,0,0,0,0,0,0,0,1,0,0,0,1,0,0,0,0,966,0,0,0,25,0,58117
51922,6,2,0,139,0,0,0,0,1,0,0,0,0,0,0,0,0,0,0,1,0,0,0,1,0,0,0,0,72,0,0,0,1,0,58530
51950,6,4200,0,16,0,0,0,0,1,0,0,0,0,0,0,0,0,0,0,1,0,0,0,1,0,0,0,0,0,0,0,0,1,0,58548
51957,6,2,0,139,0,0,0,0,1,0,0,0,0,0,0,0,0,0,0,1,0,0,0,1,0,0,0,0,76,0,0,0,1,0,58551
52404,6,5,2,16,0,0,0,0,1,0,0,0,0,0,5,0,0,0,0,1,0,0,0,1,0,0,0,0,0,0,0,0,1,0,58984
53647,6,30,1,255,0,0,0,0,1,0,0,0,0,0,0,0,0,0,0,1,0,0,0,1,0,0,0,0,15,0,0,0,6,0,59988
54951,6,4,0,139,0,0,0,0,1,0,0,0,0,0,0,0,0,0,0,1,0,0,0,1,0,0,0,0,20,0,0,0,1,0,61131
55614,6,1,2,16,0,0,0,0,1,0,0,0,0,0,0,0,0,0,0,1,0,0,0,1,0,0,0,0,0,0,0,0,1,0,61704
55846,6,4,0,139,0,0,0,0,1,0,0,0,0,0,0,0,0,0,0,1,0,0,0,1,0,0,0,0,1065,0,0,0,1,0,61899
60442,6,0,1,139,0,0,0,0,1,0,0,0,0,0,0,0,0,0,0,1,0,0,0,1,0,0,0,0,1159,0,0,0,1,0,66271
60443,6,0,2,139,0,0,0,0,1,0,0,0,0,0,0,0,0,0,0,1,0,0,0,1,0,0,0,0,1160,0,0,0,1,0,66271
60469,6,350,0,16,0,0,0,0,1,0,0,0,0,0,0,0,0,0,0,1,0,0,0,1,0,0,0,0,0,0,0,0,1,0,66296
60474,6,300,0,16,0,0,0,0,1,0,0,0,0,0,0,0,0,0,0,1,0,0,0,1,0,0,0,0,0,0,0,0,1,0,66305
60712,6,1,1,139,0,0,0,0,1,0,0,0,0,0,0,0,0,0,0,1,0,0,0,1,0,0,0,0,1059,0,0,0,1,0,66550
60713,6,1,2,139,0,0,0,0,1,0,0,0,0,0,0,0,0,0,0,1,0,0,0,1,0,0,0,0,1102,0,0,0,0,0,66550
60715,6,1,1,139,0,0,0,0,1,0,0,0,0,0,0,0,0,0,0,1,0,0,0,1,0,0,0,0,1059,0,0,0,1,0,66551
60716,6,1,2,139,0,0,0,0,1,0,0,0,0,0,0,0,0,0,0,1,0,0,0,1,0,0,0,0,1102,0,0,0,1,0,66551
61493,6,100,0,16,0,0,0,0,1,0,0,0,0,0,5,0,0,0,0,1,0,0,0,1,0,0,0,0,0,0,0,0,1,0,67340
62455,6,0,1,139,0,0,0,0,1,0,0,0,0,0,0,0,0,0,0,1,0,0,0,1,0,0,0,0,1059,0,0,0,1,0,68377
62456,6,0,2,139,0,0,0,0,1,0,0,0,0,0,0,0,0,0,0,1,0,0,0,1,0,0,0,0,1102,0,0,0,1,0,68377
64579,6,250,0,255,0,0,0,0,1,0,0,0,0,0,0,0,0,0,0,1,0,0,0,1,0,0,0,0,22,0,0,0,1,0,70953
65650,6,30,1,255,0,0,0,0,1,0,0,0,0,0,0,0,0,0,0,1,0,0,0,1,0,0,0,0,15,0,0,0,6,0,71925
67577,6,3,0,139,0,0,0,0,1,0,0,0,0,0,0,0,0,0,0,1,0,0,0,1,0,0,0,0,14,0,0,0,1,0,75165
67580,6,4,0,139,0,0,0,0,1,0,0,0,0,0,0,0,0,0,0,1,0,0,0,1,0,0,0,0,14,0,0,0,96,0,75166
68879,6,1,0,16,0,0,0,0,1,0,0,0,0,0,0,0,0,0,0,1,0,0,0,1,0,0,0,0,0,0,0,0,1,0,5916
68890,6,1,0,16,0,0,0,0,1,0,0,0,0,0,0,0,0,0,0,1,0,0,0,1,0,0,0,0,0,0,0,0,1,0,6408
68912,6,100,0,16,0,0,0,0,1,0,0,0,0,0,5,0,0,0,0,1,0,0,0,1,0,0,0,0,0,0,0,0,1,0,6920
69995,6,20,0,16,0,0,0,0,1,0,0,0,0,0,0,0,0,0,0,1,0,0,0,1,0,0,0,0,0,0,0,0,1,0,63051
70163,6,3,1,139,0,0,0,0,1,0,0,0,0,0,0,0,0,0,0,1,0,0,0,1,0,0,0,0,1131,0,0,0,1,0,64329
70165,6,3,1,139,0,0,0,0,1,0,0,0,0,0,0,0,0,0,0,1,0,0,0,1,0,0,0,0,1132,0,0,0,1,0,64340
70167,6,3,1,139,0,0,0,0,1,0,0,0,0,0,0,0,0,0,0,1,0,0,0,1,0,0,0,0,1130,0,0,0,1,0,64341
70204,6,1,0,16,0,0,0,0,1,0,0,0,0,0,5,0,0,0,0,1,0,0,0,1,0,0,0,0,0,0,0,0,1,0,64585
70406,6,300,0,16,0,0,0,0,1,0,0,0,0,0,0,0,0,0,0,1,0,0,0,1,0,0,0,0,0,0,0,0,1,0,65426
70459,6,4,0,139,0,0,0,0,1,0,0,0,0,0,0,0,0,0,0,1,0,0,0,1,0,0,0,0,575,0,0,0,1,0,65515
70522,6,4,1,139,0,0,0,1,1,0,0,0,0,0,0,0,0,0,0,1,0,0,0,1,0,0,0,0,575,0,0,0,1,0,65622
70578,6,1,0,16,0,0,0,0,1,0,0,0,0,0,0,0,0,0,0,1,0,0,0,1,0,0,0,0,0,0,0,0,1,0,65736
70589,6,4,1,139,0,0,0,1,1,0,0,0,0,0,0,0,0,0,0,1,0,0,0,1,0,0,0,0,575,0,0,0,1,0,65752
70980,6,3,0,139,0,0,0,0,1,0,0,0,0,0,0,0,0,0,0,1,0,0,0,1,0,0,0,0,1157,0,0,0,1,0,66987
71078,6,4,0,139,0,0,0,0,1,0,0,0,0,0,0,0,0,0,0,1,0,0,0,1,0,0,0,0,960,0,0,0,1,0,67435
71275,6,4,1,139,0,0,0,0,1,0,0,0,0,0,0,0,0,0,0,1,0,0,0,1,0,0,0,0,60,0,0,0,1,0,68086
71284,6,4,1,139,0,0,0,0,1,0,0,0,0,0,0,0,0,0,0,1,0,0,0,1,0,0,0,0,60,0,0,0,1,0,68165
71406,6,1,0,16,0,0,0,0,1,0,0,0,0,0,0,0,0,0,0,1,0,0,0,1,0,0,0,0,0,0,0,0,1,0,68322
71466,6,3,0,139,0,0,0,0,1,0,0,0,0,0,0,0,0,0,0,1,0,0,0,1,0,0,0,0,1142,0,0,0,25,0,68420
71485,6,3,0,139,0,0,0,0,1,0,0,0,0,0,0,0,0,0,0,1,0,0,0,1,0,0,0,0,1143,0,0,0,25,0,68455
71490,6,4,0,139,0,0,0,0,1,0,0,0,0,0,0,0,0,0,0,1,0,0,0,1,0,0,0,0,1143,0,0,0,25,0,68475
71660,6,4,0,139,0,0,0,0,1,0,0,0,0,0,0,0,0,0,0,1,0,0,0,1,0,0,0,0,1142,0,0,0,25,0,68713
71661,6,3,0,139,0,0,0,0,1,0,0,0,0,0,0,0,0,0,0,1,0,0,0,1,0,0,0,0,1142,0,0,0,1,0,68714
71662,6,4,0,139,0,0,0,0,1,0,0,0,0,0,0,0,0,0,0,1,0,0,0,1,0,0,0,0,1142,0,0,0,1,0,68715
71663,6,3,0,139,0,0,0,0,1,0,0,0,0,0,0,0,0,0,0,1,0,0,0,1,0,0,0,0,1143,0,0,0,1,0,68724
71664,6,4,0,139,0,0,0,0,1,0,0,0,0,0,0,0,0,0,0,1,0,0,0,1,0,0,0,0,1143,0,0,0,1,0,68725
71807,6,4,0,139,0,0,0,0,1,0,0,0,0,0,0,0,0,0,0,1,0,0,0,1,0,0,0,0,65,0,0,0,1,0,69059
72117,6,9999,0,16,0,0,0,0,1,0,0,0,0,0,0,0,0,0,0,1,0,0,0,1,0,0,0,0,0,0,0,0,1,0,69744
72409,6,20,0,16,0,0,0,0,1,0,0,0,0,0,5,0,0,0,0,1,0,0,0,1,0,0,0,0,0,0,0,0,1,0,70456
72507,6,0,0,139,0,0,0,0,1,0,0,0,0,0,0,0,0,0,0,1,0,0,0,1,0,0,0,0,1080,0,0,0,1,0,70793
72910,6,5,1,139,0,0,0,0,1,0,0,0,0,0,0,0,0,0,0,1,0,0,0,1,0,0,0,0,58,0,0,0,1,0,72181
73167,6,4,1,139,0,0,0,0,1,0,0,0,0,0,0,0,0,0,0,1,0,0,0,1,0,0,0,0,249,0,0,0,1,0,72976
73171,6,4,0,139,0,0,0,0,1,0,0,0,0,0,0,0,0,0,0,1,0,0,0,1,0,0,0,0,38,0,0,0,1,0,72984
73309,6,4,0,139,0,0,0,0,1,0,0,0,0,0,0,0,0,0,0,1,0,0,0,1,0,0,0,0,249,0,0,0,92,0,73204
73447,6,20,0,16,0,0,0,0,1,0,0,0,0,0,5,0,0,0,0,1,0,0,0,1,0,0,0,0,0,0,0,0,1,0,73392
76989,6,4,0,139,0,0,0,0,1,0,0,0,0,0,0,0,0,0,0,1,0,0,0,1,0,0,0,0,1161,0,0,0,1,0,77521
77274,6,1,1,16,0,0,0,0,1,0,0,0,0,0,5,0,0,0,0,1,0,0,0,1,0,0,0,0,0,0,0,0,1,0,77780
78260,6,3,0,139,0,0,0,0,1,0,0,0,0,0,0,0,0,0,0,1,0,0,0,1,0,0,0,0,1128,0,0,0,1,0,78729
78906,6,1,0,16,0,0,0,0,1,0,0,0,0,0,0,0,0,0,0,1,0,0,0,1,0,0,0,0,0,0,0,0,1,0,79403
79243,6,10,2,16,0,0,0,0,1,0,0,0,0,0,0,0,0,0,0,1,0,0,0,1,0,0,0,0,0,0,0,0,1,0,79705
79845,6,1,0,16,0,0,0,0,1,0,0,0,0,0,0,0,0,0,0,1,0,0,0,1,0,0,0,0,0,0,0,0,1,0,80266
80219,6,1,0,16,0,0,0,0,1,0,0,0,0,0,0,0,0,0,0,1,0,0,0,1,0,0,0,0,0,0,0,0,1,0,80673
80872,6,300,1,16,0,0,0,0,1,0,0,0,0,0,0,0,0,0,0,1,0,0,0,1,0,0,0,0,0,0,0,0,1,25,81343
80968,6,90,0,16,0,0,0,0,1,0,0,0,0,0,0,0,0,0,0,1,0,0,0,1,0,0,0,0,0,0,0,0,1,0,81457
80969,6,90,1,16,0,0,0,0,1,0,0,0,0,0,0,0,0,0,0,1,0,0,0,1,0,0,0,0,0,0,0,0,27,0,81457
81014,6,100,0,16,0,0,0,0,1,0,0,0,0,0,0,0,0,0,0,1,0,0,0,1,0,0,0,0,0,0,0,0,27,0,81519
81187,6,2,0,255,0,0,0,0,1,0,0,0,0,0,0,0,0,0,0,1,0,0,0,1,0,0,0,0,22,0,0,0,1,0,81701
82813,128,90,0,16,0,0,0,0,1,0,0,0,0,0,0,0,0,0,0,1,0,0,0,1,0,0,0,0,0,0,33,0,1,0,82577
83012,6,1000,0,16,0,0,0,0,1,0,0,0,0,0,0,0,0,0,0,1,0,0,0,1,0,0,0,0,0,0,0,0,1,0,82717
83123,6,1000,0,16,0,0,0,0,1,0,0,0,0,0,0,0,0,0,0,1,0,0,0,1,0,0,0,0,0,0,0,0,1,0,82788
83365,6,5,0,139,0,0,0,0,1,0,0,0,0,0,0,0,0,0,0,1,0,0,0,1,0,0,0,0,87,0,0,0,1,0,82942
84241,6,800,2,16,0,0,0,0,1,0,0,0,0,0,0,0,0,0,0,1,0,0,0,1,0,0,0,0,0,0,0,0,1,0,83705
85208,6,1,0,16,0,0,0,0,1,0,0,0,0,0,0,0,0,0,0,1,0,0,0,1,0,0,0,0,0,0,0,0,1,0,84442
86214,6,5,0,139,0,0,0,0,1,0,0,0,0,0,0,0,0,0,0,1,0,0,0,1,0,0,0,0,20,0,0,0,1,0,85141
87708,6,5,1,255,0,0,0,0,1,0,0,0,22,0,0,0,0,0,0,1,0,0,0,1,0,0,0,0,22,0,0,28,22,15,86214
88242,6,1,2,139,0,0,0,0,1,0,0,0,0,0,0,0,0,0,0,1,0,0,0,1,0,0,0,0,1065,0,0,0,6,0,86569
88881,6,1000,0,16,0,0,0,0,1,0,0,0,0,0,0,0,0,0,0,1,0,0,0,1,0,0,0,0,0,0,0,0,1,0,87080
90464,6,200,0,16,0,0,0,0,1,0,0,0,0,0,0,0,0,0,0,1,0,0,0,1,0,0,0,0,0,0,0,64,18,8,88205
90503,6,3,0,139,0,0,0,0,1,0,0,0,0,0,0,0,0,0,0,1,0,0,0,1,0,0,0,0,1065,0,0,0,1,0,88235
90646,6,3,0,139,0,0,0,0,1,0,0,0,0,0,0,0,0,0,0,1,0,0,0,1,0,0,0,0,1066,0,0,0,1,0,88334
91298,6,4,0,139,0,0,0,0,1,0,0,0,0,0,0,0,0,0,0,1,0,0,0,1,0,0,0,0,1128,0,0,0,1,0,88796
91918,6,5,0,139,0,0,0,0,1,0,0,0,0,0,0,0,0,0,0,1,0,0,0,1,0,0,0,0,34,0,0,0,1,0,89253
91919,6,5,0,139,0,0,0,0,1,0,0,0,0,0,0,0,0,0,0,1,0,0,0,1,0,0,0,0,34,0,0,0,1,0,89254
91920,6,5,0,139,0,0,0,0,1,0,0,0,0,0,0,0,0,0,0,1,0,0,0,1,0,0,0,0,34,0,0,0,1,0,89255
91921,6,5,0,139,0,0,0,0,1,0,0,0,0,0,0,0,0,0,0,1,0,0,0,1,0,0,0,0,34,0,0,0,1,0,89256
91922,6,5,0,139,0,0,0,0,1,0,0,0,0,0,0,0,0,0,0,1,0,0,0,1,0,0,0,0,34,0,0,0,1,0,89257
91923,6,5,0,139,0,0,0,0,1,0,0,0,0,0,0,0,0,0,0,1,0,0,0,1,0,0,0,0,34,0,0,0,1,0,89258
91924,6,5,0,139,0,0,0,0,1,0,0,0,0,0,0,0,0,0,0,1,0,0,0,1,0,0,0,0,34,0,0,0,1,0,89259
91925,6,5,0,139,0,0,0,0,1,0,0,0,0,0,0,0,0,0,0,1,0,0,0,1,0,0,0,0,34,0,0,0,1,0,89260
92703,6,2,0,139,0,0,0,0,1,0,0,0,0,0,0,0,0,0,0,1,0,0,0,1,0,0,0,0,1179,0,0,0,1,0,89783
92704,6,2,0,139,0,0,0,0,1,0,0,0,0,0,0,0,0,0,0,1,0,0,0,1,0,0,0,0,1179,0,0,0,1,0,89784
92705,6,1,0,139,0,0,0,0,1,0,0,0,0,0,0,0,0,0,0,1,0,0,0,1,0,0,0,0,1179,0,0,0,1,0,89785
93224,6,420,2,16,0,0,0,0,1,0,0,0,0,0,0,0,0,0,0,1,0,0,0,1,0,0,0,0,0,0,0,0,1,0,90139
93476,6,50,0,16,0,0,0,0,1,0,0,0,0,0,5,0,0,0,0,1,0,0,0,1,0,0,0,0,0,0,0,0,1,0,90328
94520,6,1,1,139,0,0,0,0,1,0,0,0,0,0,0,0,0,0,0,1,0,0,0,1,0,0,0,0,1018,0,0,0,1,0,91067
94522,6,1,1,139,0,0,0,0,1,0,0,0,0,0,0,0,0,0,0,1,0,0,0,1,0,0,0,0,1019,0,0,0,1,0,91068
94524,6,1,1,139,0,0,0,0,1,0,0,0,0,0,0,0,0,0,0,1,0,0,0,1,0,0,0,0,1020,0,0,0,1,0,91069
94526,6,1,1,139,0,0,0,0,1,0,0,0,0,0,0,0,0,0,0,1,0,0,0,1,0,0,0,0,1021,0,0,0,1,0,91070
94979,6,4,1,139,0,0,0,0,1,0,0,0,0,0,0,0,0,0,0,1,0,0,0,1,0,0,0,0,730,0,0,0,1,0,91391
101535,174,5,1,139,0,0,0,0,1,0,0,0,0,0,0,0,0,0,0,1,0,0,0,1,0,0,0,0,469,0,28,0,1,0,81748
101536,174,5,1,139,0,0,0,0,1,0,0,0,0,0,0,0,0,0,0,1,0,0,0,1,0,0,0,0,67,0,28,0,1,0,81744
101546,174,1,2,139,0,0,0,0,1,0,0,0,0,0,0,0,0,0,0,1,0,0,0,1,0,0,0,0,67,0,28,0,1,0,81748
101547,174,1,2,139,0,0,0,0,1,0,0,0,0,0,0,0,0,0,0,1,0,0,0,1,0,0,0,0,469,0,28,0,1,0,81744
102179,6,3,0,139,0,0,0,0,1,0,0,0,0,0,0,0,0,0,0,1,0,0,0,1,0,0,0,0,1143,0,0,0,1,0,96225
103838,6,1,2,139,0,0,0,0,1,0,0,0,0,0,0,0,0,0,0,1,0,0,0,1,0,0,0,0,1065,0,0,0,6,0,97369
107893,6,5,0,139,0,0,0,0,1,0,0,0,0,0,0,0,0,0,0,1,0,0,0,1,0,0,0,0,1171,0,0,0,1,0,100152
108011,6,50,0,255,0,0,0,0,1,0,0,0,0,0,0,0,0,0,0,1,0,0,0,1,0,0,0,0,22,0,0,28,22,15,100238
108571,6,10,1,255,0,0,0,0,1,0,0,0,0,0,0,0,0,1,0,1,0,0,0,1,0,0,0,0,32,0,0,28,22,15,100594
110370,6,10,0,255,0,0,0,1,1,0,0,0,0,0,0,0,0,0,0,1,0,0,0,1,0,0,0,0,22,0,0,0,1,0,101819
111152,6,3,0,139,0,0,0,0,1,0,0,0,0,0,0,0,0,0,0,1,0,0,0,1,0,0,0,0,960,0,0,0,1,0,102403
111153,6,3,1,139,0,0,0,0,1,0,0,0,0,0,0,0,0,0,0,1,0,0,0,1,0,0,0,0,959,0,0,0,1,0,102403
111190,6,3,0,139,0,0,0,0,1,0,0,0,0,0,0,0,0,0,0,1,0,0,0,1,0,0,0,0,965,0,0,0,1,0,102429
111366,6,30,0,16,0,0,0,0,1,0,0,0,0,0,5,0,0,0,0,1,0,0,0,1,0,0,0,0,0,0,0,0,1,0,102547
111801,6,1,0,139,0,0,0,0,1,0,0,0,0,0,0,0,0,0,0,1,0,0,0,1,0,0,0,0,959,0,0,12,18,8,102876
111871,6,1,1,139,0,0,0,0,1,0,0,0,0,0,0,0,0,0,0,1,0,0,0,1,0,0,0,0,7,0,0,0,1,0,102938
111875,6,1,1,139,0,0,0,0,1,0,0,0,0,0,0,0,0,0,0,1,0,0,0,1,0,0,0,0,7,0,0,0,1,0,102940
111893,6,1,0,139,0,0,0,0,1,0,0,0,0,0,0,0,0,0,0,1,0,0,0,1,0,0,0,0,960,0,0,0,1,0,102953
112034,6,3,0,139,0,0,0,0,1,0,0,0,0,0,0,0,0,0,0,1,0,0,0,1,0,0,0,0,959,0,0,0,1,0,103051
112497,6,410,2,16,0,0,0,0,1,0,0,0,0,0,0,0,0,0,0,1,0,0,0,1,0,0,0,0,0,0,0,0,1,0,102994
114029,6,10,1,255,0,0,0,0,1,0,0,0,0,0,0,0,0,0,0,1,0,0,0,1,0,0,0,0,22,0,0,107,22,15,104528
114039,6,10,1,255,0,0,0,0,1,0,0,0,22,0,0,0,0,0,0,1,0,0,0,1,0,0,0,0,22,0,0,107,22,15,104537
115306,6,5,1,255,0,0,0,0,1,0,0,0,0,0,0,0,0,1,0,1,0,0,0,1,0,0,0,0,22,0,0,30,22,15,105445
115847,6,1,0,16,0,0,0,0,1,0,0,0,0,0,5,0,0,0,0,1,0,0,0,1,0,0,0,0,0,0,0,0,1,0,105839
116481,6,1,0,16,0,0,0,0,1,0,0,0,0,0,1,0,0,0,0,1,0,0,0,1,0,0,0,0,0,0,0,0,1,0,106307
118647,6,99999,1,16,0,0,0,0,1,0,0,0,0,0,0,0,0,0,0,1,0,0,0,1,0,0,0,0,0,0,0,0,1,0,107752
122040,6,410,0,16,0,0,0,0,1,0,0,0,0,0,0,0,0,0,0,1,0,0,0,1,0,0,0,0,0,0,0,0,5,0,110231
122864,6,100,1,255,0,0,0,0,1,0,0,0,0,0,0,0,0,1,0,1,0,0,0,1,0,0,0,0,15,0,0,0,77,0,106444
128895,6,1000,1,16,0,0,0,0,1,0,0,0,0,0,0,0,0,0,0,1,0,0,0,1,0,0,0,0,0,0,0,0,1,0,115193
128931,6,9999,0,16,0,0,0,0,1,0,0,0,0,0,0,0,0,0,0,1,0,0,0,1,0,0,0,0,0,0,0,0,1,0,115214
128945,6,9999,0,16,0,0,0,0,1,0,0,0,0,0,0,0,0,0,0,1,0,0,0,1,0,0,0,0,0,0,0,0,1,0,115225
129203,6,9999,0,16,0,0,0,0,1,0,0,0,0,0,0,0,0,0,0,1,0,0,0,1,0,0,0,0,0,0,0,0,1,0,115407
129228,119,9999,2,16,0,0,0,0,1,0,0,0,0,0,0,0,0,0,0,1,0,0,0,1,0,0,0,0,0,0,13,13,1,0,115407
129813,6,1000,0,16,0,0,0,0,1,0,0,0,0,0,0,0,0,0,0,1,0,0,0,1,0,0,0,0,0,0,0,0,1,0,115763
129946,6,380,0,16,0,0,0,0,1,0,0,0,0,0,5,0,0,0,0,1,0,0,0,1,0,0,0,0,0,0,9,0,56,0,115834
130836,6,4,2,139,0,0,0,0,1,0,0,0,0,0,0,0,0,0,0,1,0,0,0,1,0,0,0,0,960,0,0,0,0,0,116035
132432,6,5,0,139,0,0,0,0,1,0,0,0,0,0,0,0,0,0,0,1,0,0,0,1,0,0,0,0,1065,0,0,0,1,0,117074
134316,6,10,0,255,0,0,0,0,1,0,0,0,0,0,0,0,0,0,0,1,0,0,0,1,0,0,0,0,13,0,0,100,22,7,118091
134751,6,5,1,255,0,0,0,0,1,0,0,0,22,0,0,0,0,0,0,1,0,0,0,1,0,0,0,0,22,0,0,88,22,15,117353
135460,6,100,0,255,0,0,0,0,1,0,0,0,22,0,0,0,0,0,0,1,0,0,0,1,0,0,0,0,22,0,0,12,22,7,118795
135866,6,1000,0,16,0,0,0,0,1,0,0,0,0,0,0,0,0,0,0,1,0,0,0,1,0,0,0,0,1,0,0,0,27,0,119032
139040,6,1,0,16,0,0,0,0,1,0,0,0,0,0,5,0,0,0,0,1,0,0,0,1,0,0,0,0,0,0,0,0,38,0,119908
141044,6,10,2,255,0,0,0,0,1,0,0,0,0,0,0,0,0,0,0,1,0,0,0,1,0,0,0,0,22,0,0,27,22,15,120938
148002,6,3,0,255,5,0,0,0,1,0,0,0,0,0,0,0,0,0,0,1,0,0,0,1,0,0,0,0,22,0,0,0,1,0,81701
148003,6,3,0,255,6,0,0,0,1,0,0,0,0,0,0,0,0,0,0,1,0,0,0,1,0,0,0,0,22,0,0,0,1,0,81701
148270,6,10,1,255,5,0,0,0,1,0,0,0,22,0,0,0,0,0,0,1,0,0,0,1,0,0,0,0,22,0,0,28,22,15,86214
148271,6,10,1,255,6,0,0,0,1,0,0,0,22,0,0,0,0,0,0,1,0,0,0,1,0,0,0,0,22,0,0,28,22,15,86214
154575,6,10,1,255,0,0,0,0,1,0,0,0,0,0,0,0,0,1,0,1,0,0,0,1,0,0,0,0,22,0,0,28,22,15,122768
155774,6,100,1,255,0,0,0,0,1,0,0,0,0,0,0,0,0,0,0,1,0,0,0,1,0,0,0,0,32,0,0,0,6,0,123474
156802,6,4,2,139,0,0,0,0,1,0,0,0,0,0,0,0,0,0,0,1,0,0,0,1,0,0,0,0,960,0,0,0,0,0,124035
156828,6,7,3,139,0,0,0,0,1,0,0,0,0,0,0,0,0,0,0,1,0,0,0,1,0,0,0,0,1059,0,0,0,1,0,30452
157023,6,0,0,139,0,0,0,0,1,0,0,0,0,0,0,0,0,0,0,1,0,0,0,1,0,0,0,0,1103,0,0,0,1,0,124121
157607,6,460,0,16,0,0,0,0,1,0,0,0,0,0,0,0,0,0,0,1,0,0,0,1,0,0,0,0,0,0,0,0,1,0,124496
158673,6,0,3,255,0,0,0,0,1,0,0,0,0,0,0,0,0,0,0,1,0,0,0,1,0,0,0,0,15,0,0,0,1,0,120954
159435,6,10000,0,16,0,0,0,0,1,0,0,0,0,0,0,0,0,0,0,1,0,0,0,1,0,0,0,0,0,0,0,0,1,0,125632
159648,6,10,0,16,0,0,0,0,1,0,0,0,0,0,5,0,0,0,0,1,0,0,0,1,0,0,0,0,0,0,0,0,92,0,125773
159649,6,35,0,16,0,0,0,0,1,0,0,0,0,0,5,0,0,0,0,1,0,0,0,1,0,0,0,0,0,0,0,0,1,0,125774
159776,6,10,1,255,0,0,0,0,1,0,0,0,0,0,0,0,0,1,0,1,0,0,0,1,0,0,0,0,22,0,0,28,22,7,125843
160025,6,10000,0,16,0,0,0,0,1,0,0,0,0,0,0,0,0,0,0,1,0,0,0,1,0,0,0,0,0,0,0,0,1,0,126008
160026,6,10000,1,16,0,0,0,0,1,0,0,0,0,0,0,0,0,0,0,1,0,0,0,1,0,0,0,0,0,0,0,0,92,0,126008
160485,6,3,1,139,0,0,0,0,1,0,0,0,0,0,0,0,0,0,0,1,0,0,0,1,0,0,0,0,1066,0,0,0,25,0,126331
164781,6,90,1,16,0,0,0,0,1,0,0,0,0,0,0,0,0,0,0,1,0,0,0,1,0,0,0,0,0,0,0,0,1,0,128910
165402,6,1,1,139,0,0,0,0,1,0,0,0,0,0,0,0,0,0,0,1,0,0,0,1,0,0,0,0,1080,0,0,0,1,0,129211
165469,6,1,0,139,0,0,0,0,1,0,0,0,0,0,0,0,0,0,0,1,0,0,0,1,0,0,0,0,1364,0,0,0,1,0,129237
165964,6,1,1,139,0,0,0,0,1,0,0,0,0,0,0,0,0,0,0,1,0,0,0,1,0,0,0,0,1080,0,0,0,1,0,129212
166692,6,9999,1,16,0,0,0,0,1,0,0,0,0,0,0,0,0,0,0,1,0,0,0,1,0,0,0,0,0,0,0,0,1,0,129864
167896,6,10,1,255,6,0,0,0,1,0,0,0,22,0,0,0,0,0,0,1,0,0,0,1,0,0,0,0,22,0,0,88,22,15,117353
167897,6,10,1,255,5,0,0,0,1,0,0,0,22,0,0,0,0,0,0,1,0,0,0,1,0,0,0,0,22,0,0,88,22,15,117353
169078,6,1,0,139,0,0,0,0,1,0,0,0,0,0,0,0,0,0,0,1,0,0,0,1,0,0,0,0,1080,0,0,0,1,0,131165
169172,6,10,0,16,0,0,0,0,1,0,0,0,0,0,5,0,0,0,0,1,0,0,0,1,0,0,0,0,0,0,0,0,5,0,131219
169389,6,1000,0,16,0,0,0,0,1,0,0,0,0,0,0,0,0,0,0,1,0,0,0,1,0,0,0,0,0,0,0,0,1,0,131361
171030,6,10,0,16,0,0,0,0,1,0,0,0,0,0,5,0,0,0,0,1,0,0,0,1,0,0,0,0,0,0,0,0,5,0,132243
171723,6,50,1,255,7,0,0,0,1,0,0,0,0,0,0,0,0,0,0,1,0,0,0,1,0,0,0,0,32,0,0,0,6,0,123474
171990,6,0,3,139,0,0,0,0,1,0,0,0,0,0,0,0,0,0,0,1,0,0,0,1,0,0,0,0,960,0,0,0,1,0,132633
173011,6,9999,0,16,0,0,0,0,1,0,0,0,0,0,5,0,0,0,0,1,0,0,0,1,0,0,0,0,0,0,0,0,1,0,133079
174387,6,5,0,16,0,0,0,0,1,0,0,0,0,0,5,0,0,0,0,1,0,0,0,1,0,0,0,0,0,0,0,0,1,0,133929
174761,6,7,0,139,0,0,0,0,1,0,0,0,0,0,0,0,0,0,0,1,0,0,0,1,0,0,0,0,1012,0,0,0,1,0,134206
174762,6,7,1,139,0,0,0,0,1,0,0,0,0,0,0,0,0,0,0,1,0,0,0,1,0,0,0,0,1010,0,0,0,1,0,134206
175091,6,50,0,255,0,0,0,0,1,0,0,0,0,0,0,0,0,0,0,1,0,0,0,1,0,0,0,0,32,0,0,0,6,0,134366
175592,6,5,0,139,0,0,0,0,1,0,0,0,0,0,0,0,0,0,0,1,0,0,0,1,0,0,0,0,66,0,0,0,1,0,134733
175595,6,5,0,139,0,0,0,0,1,0,0,0,0,0,0,0,0,0,0,1,0,0,0,1,0,0,0,0,66,0,0,0,1,0,134736
175880,6,3,0,139,0,0,0,0,1,0,0,0,0,0,0,0,0,0,0,1,0,0,0,1,0,0,0,0,66,0,0,0,1,0,134886
176331,6,40,1,16,0,0,0,0,1,0,0,0,0,0,5,0,0,0,0,1,0,0,0,1,0,0,0,0,0,0,0,0,1,0,135157
176393,6,5,0,16,0,0,0,0,1,0,0,0,0,0,5,0,0,0,0,1,0,0,0,1,0,0,0,0,0,0,0,0,1,0,135201
177988,6,0,3,139,0,0,0,0,1,0,0,0,0,0,0,0,0,0,0,1,0,0,0,1,0,0,0,0,1059,0,0,0,1,0,126389
177989,6,0,4,139,0,0,0,0,1,0,0,0,0,0,0,0,0,0,0,1,0,0,0,1,0,0,0,0,1102,0,0,0,1,0,126389
178614,6,3,5,139,0,0,0,0,1,0,0,0,0,0,0,0,0,0,0,1,0,0,0,1,0,0,0,0,1065,0,0,0,1,0,136461
178621,6,100,2,255,0,0,0,0,1,0,0,0,0,0,0,0,0,1,0,1,0,0,0,1,0,0,0,0,32,0,0,0,6,0,136478
178624,174,7,7,139,0,0,0,0,1,0,0,0,0,0,0,0,0,0,0,1,0,0,0,1,0,0,0,0,1065,0,12,12,1,0,136461
179308,6,10,1,255,0,0,0,0,1,0,0,0,0,0,0,0,0,0,0,1,0,0,0,1,0,0,0,0,22,0,0,0,6,0,136767
179330,6,450,0,16,0,0,0,1,1,0,0,0,0,0,0,0,0,0,0,1,0,0,0,1,0,0,0,0,0,0,0,0,1,0,136778
180246,6,0,0,139,0,0,0,0,1,0,0,0,0,0,0,0,0,0,0,1,0,0,0,1,0,0,0,0,1019,0,0,0,92,0,137341
180421,6,10,0,255,0,0,0,0,1,0,0,0,0,0,0,0,0,0,0,1,0,0,0,1,0,0,0,0,22,0,0,0,1,0,137446
181738,6,10,0,255,0,0,0,0,1,0,0,0,0,0,0,0,0,0,0,1,0,0,0,1,0,0,0,0,22,0,0,0,25,0,138309
182045,6,35,0,16,0,0,0,0,1,0,0,0,0,0,5,0,0,0,0,1,0,0,0,1,0,0,0,0,0,0,0,0,1,0,138475
182047,6,10,0,16,0,0,0,0,1,0,0,0,0,0,5,0,0,0,0,1,0,0,0,1,0,0,0,0,0,0,0,0,92,0,138476
182261,6,50,1,255,0,0,0,0,1,0,0,0,0,0,0,0,0,0,0,1,0,0,0,1,0,0,0,0,22,0,0,42,53,16,138569
182590,6,10,1,255,0,0,0,0,1,0,0,0,0,0,0,0,0,0,0,1,0,0,0,1,0,0,0,0,22,0,0,0,6,0,138768
182687,6,50,2,255,7,0,0,0,1,0,0,0,0,0,0,0,0,1,0,1,0,0,0,1,0,0,0,0,32,0,0,0,6,0,136478
183010,6,25,1,255,7,0,0,0,1,0,0,0,0,0,0,0,0,0,0,1,0,0,0,1,0,0,0,0,22,0,0,42,53,16,138569
184659,6,9999,0,16,0,0,0,0,1,0,0,0,0,0,0,0,0,0,0,1,0,0,0,1,0,0,0,0,0,0,0,0,1,0,139885
185088,6,10,1,255,0,0,0,0,1,0,0,0,0,0,0,0,0,0,0,1,0,0,0,1,0,0,0,0,32,0,0,22,18,16,137507
185286,6,5,0,255,0,0,0,0,1,0,0,0,0,0,0,0,0,0,0,1,0,0,0,1,0,0,0,0,20,0,0,0,1,0,140208
185293,6,5,0,255,0,0,0,0,1,0,0,0,18,0,0,0,0,0,0,1,0,0,0,1,0,0,0,0,0,0,0,0,1,0,140210
185308,6,3,0,255,7,0,0,0,1,0,0,0,0,0,0,0,0,0,0,1,0,0,0,1,0,0,0,0,22,0,0,0,1,0,137446
185469,6,3,0,255,7,0,0,0,1,0,0,0,0,0,0,0,0,0,0,1,0,0,0,1,0,0,0,0,20,0,0,0,1,0,140208
185633,6,100,1,255,0,0,0,0,1,0,0,0,0,0,0,0,0,0,0,1,0,0,0,1,0,0,0,0,22,0,0,0,6,0,139213
185938,6,15,1,255,0,0,0,0,1,0,0,0,0,0,0,0,0,0,0,1,0,0,0,1,0,0,0,0,32,0,0,14,22,7,140460
186237,6,460,0,16,0,0,0,0,1,0,0,0,0,0,0,0,0,0,0,1,0,0,0,1,0,0,0,0,0,0,0,9,22,30,140639
186289,6,2000,1,16,0,0,0,0,1,0,0,0,0,0,0,0,0,0,0,1,0,0,0,1,0,0,0,0,0,0,0,0,1,0,140671
186313,6,500,1,16,0,0,0,0,1,0,0,0,0,0,0,0,0,0,0,1,0,0,0,1,0,0,0,0,0,0,0,0,1,0,140683
186335,6,2000,1,16,0,0,0,0,1,0,0,0,0,0,0,0,0,0,0,1,0,0,0,1,0,0,0,0,0,0,0,0,1,0,140692
186435,6,0,4,139,0,0,0,0,1,0,0,0,0,0,0,0,0,0,0,1,0,0,0,1,0,0,0,0,1102,0,0,0,1,0,30452
186436,6,7,5,139,0,0,0,0,1,0,0,0,0,0,0,0,0,0,0,1,0,0,0,1,0,0,0,0,1102,0,0,0,1,0,30452
186513,6,2,0,255,7,0,0,0,1,0,0,0,18,0,0,0,0,0,0,1,0,0,0,1,0,0,0,0,0,0,0,0,1,0,140210
186688,6,20,0,255,6,0,0,0,1,0,0,0,0,0,0,0,0,0,0,1,0,0,0,1,0,0,0,0,22,0,0,0,1,0,137446
186689,6,20,0,255,5,0,0,0,1,0,0,0,0,0,0,0,0,0,0,1,0,0,0,1,0,0,0,0,22,0,0,0,1,0,137446
186828,6,1,0,139,0,0,0,0,1,0,0,0,0,0,0,0,0,0,0,1,0,0,0,1,0,0,0,0,960,0,0,0,1,0,140840
186942,6,25,0,255,6,0,0,0,1,0,0,0,0,0,0,0,0,0,0,1,0,0,0,1,0,0,0,0,22,0,0,0,25,0,138309
186943,6,25,0,255,5,0,0,0,1,0,0,0,0,0,0,0,0,0,0,1,0,0,0,1,0,0,0,0,22,0,0,0,25,0,138309
187036,6,10,0,255,6,0,0,0,1,0,0,0,18,0,0,0,0,0,0,1,0,0,0,1,0,0,0,0,0,0,0,0,1,0,140210
187037,6,10,0,255,5,0,0,0,1,0,0,0,18,0,0,0,0,0,0,1,0,0,0,1,0,0,0,0,0,0,0,0,1,0,140210
187956,6,2000,0,16,0,0,0,0,1,0,0,0,0,0,0,0,0,0,0,1,0,0,0,1,0,0,0,0,0,0,0,0,5,0,141035
188275,6,0,0,139,0,0,0,0,1,0,0,0,0,0,0,0,0,0,0,1,0,0,0,1,0,0,0,0,1102,0,0,0,1,0,141204
188276,6,0,1,139,0,0,0,0,1,0,0,0,0,0,0,0,0,0,0,1,0,0,0,1,0,0,0,0,1103,0,0,0,1,0,141204
188277,6,0,0,139,0,0,0,0,1,0,0,0,0,0,0,0,0,0,0,1,0,0,0,1,0,0,0,0,1059,0,0,0,1,0,141205
188278,6,0,1,139,0,0,0,0,1,0,0,0,0,0,0,0,0,0,0,1,0,0,0,1,0,0,0,0,1103,0,0,0,1,0,141205
189322,6,3,0,139,0,0,0,0,1,0,0,0,0,0,0,0,0,0,0,1,0,0,0,1,0,0,0,0,1443,0,0,0,1,0,141892
189324,6,3,0,139,0,0,0,0,1,0,0,0,0,0,0,0,0,0,0,1,0,0,0,1,0,0,0,0,1443,0,0,0,1,0,141893
189721,6,450,1,16,0,0,0,0,1,0,0,0,0,0,0,0,0,0,0,1,0,0,0,1,0,0,0,0,0,0,0,0,1,0,141642
190209,6,5,0,16,0,0,0,0,1,0,0,0,0,0,5,0,0,0,0,1,0,0,0,1,0,0,0,0,0,0,0,0,1,0,142453
191201,6,10,1,255,0,0,0,0,1,0,0,0,32,0,0,0,0,0,0,1,0,0,0,1,0,0,0,0,15,0,0,0,25,0,142929
191205,6,10,0,255,0,0,0,0,1,0,0,0,15,0,0,0,0,0,0,1,0,0,0,1,0,0,0,0,32,0,0,0,25,0,142931
191692,6,3,1,139,0,0,0,0,1,0,0,0,0,0,0,0,0,0,0,1,0,0,0,1,0,0,0,0,1065,0,0,0,1,0,143250
191774,6,10,0,255,0,0,0,0,1,0,0,0,18,0,0,0,0,0,0,1,0,0,0,1,0,0,0,0,13,0,0,0,25,0,143275
191782,6,10,0,255,0,0,0,0,1,0,0,0,13,0,0,0,0,0,0,1,0,0,0,1,0,0,0,0,18,0,0,0,25,0,143279
192004,6,100,1,255,0,0,0,0,1,0,0,0,0,0,0,0,0,1,0,1,0,0,0,1,0,0,0,0,23,0,0,0,6,0,143385
192099,6,300,1,255,0,0,0,0,1,0,0,0,0,0,0,0,0,1,0,1,0,0,0,1,0,0,0,0,22,0,22,0,104,0,143436
192101,6,300,1,255,0,0,0,0,1,0,0,0,0,0,0,0,0,1,0,1,0,0,0,1,0,0,0,0,22,0,22,0,104,0,143437
193081,6,0,3,139,0,0,0,0,1,0,0,0,0,0,0,0,0,0,0,1,0,0,0,1,0,0,0,0,1059,0,0,0,1,0,143951
193082,6,0,4,139,0,0,0,0,1,0,0,0,0,0,0,0,0,0,0,1,0,0,0,1,0,0,0,0,1102,0,0,0,1,0,143951
193250,6,1,1,139,0,0,0,0,1,0,0,0,0,0,0,0,0,0,0,1,0,0,0,1,0,0,0,0,1080,0,0,0,1,0,144052
193525,6,35,0,255,0,0,0,0,1,0,0,0,0,0,0,0,0,0,0,1,0,0,0,1,0,0,0,0,20,0,0,0,25,0,144176
193594,6,25,1,255,0,0,0,0,1,0,0,0,0,0,0,0,0,1,0,1,0,0,0,1,0,0,0,0,22,0,0,0,6,0,144215
193595,6,30,0,255,0,0,0,0,1,0,0,0,0,0,0,0,0,0,0,1,0,0,0,1,0,0,0,0,30,0,0,0,25,0,144216
195477,6,10,0,255,0,0,0,0,1,0,0,0,0,0,0,0,0,1,0,1,0,0,0,1,0,0,0,0,22,0,0,88,22,7,145213
195841,6,40,1,16,0,0,0,0,1,0,0,0,0,0,5,0,0,0,0,1,0,0,0,1,0,0,0,0,0,0,0,0,1,0,145423
197230,6,40,0,255,0,0,0,0,1,0,0,0,0,0,0,0,0,0,0,1,0,0,0,1,0,0,0,0,22,0,0,0,6,0,146124
198929,6,5,0,255,7,0,0,0,1,0,0,0,0,0,0,0,0,1,0,1,0,0,0,1,0,0,0,0,22,0,0,88,22,7,145213
199459,6,0,3,139,0,0,0,0,1,0,0,0,0,0,0,0,0,0,0,1,0,0,0,1,0,0,0,0,1059,0,0,0,1,0,147151
199460,6,0,4,139,0,0,0,0,1,0,0,0,0,0,0,0,0,0,0,1,0,0,0,1,0,0,0,0,1102,0,0,0,1,0,147151
199909,6,50,0,255,5,0,0,0,1,0,0,0,0,0,0,0,0,0,0,1,0,0,0,1,0,0,0,0,22,0,0,0,6,0,146124
200574,6,75,1,255,0,0,0,0,1,0,0,0,0,0,0,0,0,0,0,1,0,0,0,1,0,0,0,0,22,0,0,0,25,0,147235
202318,6,9999,1,16,0,0,0,0,1,0,0,0,0,0,0,0,0,0,0,1,0,0,0,1,0,0,0,0,0,0,0,0,1,0,148523
202401,6,50,0,255,6,0,0,0,1,0,0,0,0,0,0,0,0,0,0,1,0,0,0,1,0,0,0,0,22,0,0,0,6,0,146124
202519,6,5,0,139,0,0,0,0,1,0,0,0,0,0,0,0,0,0,0,1,0,0,0,1,0,0,0,0,1065,0,0,0,1,0,148600
202520,6,5,0,139,0,0,0,0,1,0,0,0,0,0,0,0,0,0,0,1,0,0,0,1,0,0,0,0,1065,0,0,0,1,0,148601
203716,6,200,1,255,14,0,0,0,1,0,0,0,0,0,0,0,0,1,0,1,0,0,0,1,0,0,0,0,22,0,22,0,104,0,143437
203719,6,100,1,255,7,0,0,0,1,0,0,0,0,0,0,0,0,1,0,1,0,0,0,1,0,0,0,0,22,0,22,0,104,0,143437
203720,6,200,1,255,14,0,0,0,1,0,0,0,0,0,0,0,0,1,0,1,0,0,0,1,0,0,0,0,22,0,22,0,104,0,143436
203721,6,100,1,255,7,0,0,0,1,0,0,0,0,0,0,0,0,1,0,1,0,0,0,1,0,0,0,0,22,0,22,0,104,0,143436
204772,6,25,1,255,0,0,0,0,1,0,0,0,22,0,0,0,0,0,0,1,0,0,0,1,0,0,0,0,22,0,0,30,22,15,149347
204774,6,30,1,255,0,0,0,0,1,0,0,0,0,0,0,0,0,0,0,1,0,0,0,1,0,0,0,0,22,0,0,88,22,15,147342
204798,6,1000,0,16,0,0,0,0,1,0,0,0,0,0,0,0,0,0,0,1,0,0,0,1,0,0,0,0,0,0,0,0,1,0,149358
205293,6,3,0,139,0,0,0,0,1,0,0,0,0,0,0,0,0,0,0,1,0,0,0,1,0,0,0,0,1457,0,0,0,1,0,149534
205744,6,100,1,255,6,0,0,0,1,0,0,0,22,0,0,0,0,0,0,1,0,0,0,1,0,0,0,0,22,0,0,30,22,15,149347
205916,6,30,0,255,6,0,0,0,1,0,0,0,0,0,0,0,0,1,0,1,0,0,0,1,0,0,0,0,22,0,0,88,22,7,145213
205917,6,30,0,255,5,0,0,0,1,0,0,0,0,0,0,0,0,1,0,1,0,0,0,1,0,0,0,0,22,0,0,88,22,7,145213
206496,6,40,0,16,0,0,0,0,1,0,0,0,0,0,0,0,0,0,0,1,0,0,0,1,0,0,0,0,0,0,0,0,25,0,150119
206766,6,1,0,16,0,0,0,0,1,0,0,0,0,0,5,0,0,0,0,1,0,0,0,1,0,0,0,0,0,0,0,0,1,0,150250
207103,6,5,0,255,14,0,0,0,1,0,0,0,0,0,0,0,0,1,0,1,0,0,0,1,0,0,0,0,22,0,0,88,22,7,145213
207186,6,5,0,139,0,0,0,0,1,0,0,0,0,0,0,0,0,0,0,1,0,0,0,1,0,0,0,0,1065,0,0,0,1,0,150455
207187,6,5,0,139,0,0,0,0,1,0,0,0,0,0,0,0,0,0,0,1,0,0,0,1,0,0,0,0,1065,0,0,0,1,0,150456
207676,6,75,1,255,5,0,0,0,1,0,0,0,22,0,0,0,0,0,0,1,0,0,0,1,0,0,0,0,22,0,0,30,22,15,149347
209484,6,20,0,16,0,0,0,0,1,0,0,0,0,0,3,0,0,0,0,1,0,0,0,1,0,0,0,0,0,0,0,0,1,0,151869
211063,6,4,2,139,0,0,0,0,1,0,0,0,0,0,0,0,0,0,0,1,0,0,0,1,0,0,0,0,960,0,0,0,0,0,152422
211822,6,3,0,139,0,0,0,0,1,0,0,0,0,0,0,0,0,0,0,1,0,0,0,1,0,0,0,0,38,0,0,0,1,0,152899
212132,6,10,1,255,7,0,0,0,1,0,0,0,0,0,0,0,0,1,0,1,0,0,0,1,0,0,0,0,22,0,0,0,6,0,144215
213175,6,10,0,255,0,0,0,0,1,0,0,0,0,0,0,0,0,1,0,1,0,0,0,1,0,0,0,0,22,0,0,0,6,0,153795
214061,6,300,1,255,16,0,0,0,1,0,0,0,0,0,0,0,0,1,0,1,0,0,0,1,0,0,0,0,22,0,22,0,104,0,143437
214063,6,100,1,255,17,0,0,0,1,0,0,0,0,0,0,0,0,1,0,1,0,0,0,1,0,0,0,0,22,0,22,0,104,0,143437
214067,6,300,1,255,15,0,0,0,1,0,0,0,0,0,0,0,0,1,0,1,0,0,0,1,0,0,0,0,22,0,22,0,104,0,143436
214778,6,450,0,255,0,0,0,0,1,0,0,0,0,0,0,0,0,0,0,1,0,0,0,1,0,0,0,0,18,0,0,0,1,0,154761
215368,6,200,1,255,0,0,0,0,1,0,0,0,0,0,0,0,0,0,0,1,0,0,0,1,0,0,0,0,20,0,20,0,104,0,155074
215486,6,4,2,139,0,0,0,0,1,0,0,0,0,0,0,0,0,0,0,1,0,0,0,1,0,0,0,0,960,0,0,0,0,0,155144
215546,6,10000,0,16,0,0,0,0,1,0,0,0,0,0,0,0,0,0,0,1,0,0,0,1,0,0,0,0,0,0,0,0,1,0,155167
215702,6,10,0,255,0,0,0,0,1,0,0,0,0,0,0,0,0,1,0,1,0,0,0,1,0,0,0,0,22,0,0,0,6,0,155240
216765,6,35,2,255,0,0,0,0,1,0,0,0,0,0,0,0,0,1,0,1,0,0,0,1,0,0,0,0,22,0,0,0,6,0,155921
217088,6,0,0,16,0,0,0,0,1,0,0,0,0,0,5,0,0,0,0,1,0,0,0,1,0,0,0,0,0,0,0,0,1,0,156136
217114,6,50,1,255,0,0,0,0,1,0,0,0,0,0,0,0,0,1,0,1,0,0,0,1,0,0,0,0,22,0,0,0,6,0,156151
217133,6,1,0,139,0,0,0,0,1,0,0,0,0,0,0,0,0,0,0,1,0,0,0,1,0,0,0,0,1066,0,0,0,1,0,156161
217454,6,1,5,139,0,0,0,0,1,0,0,0,0,0,0,0,0,0,0,1,0,0,0,1,0,0,0,0,1065,0,0,0,1,0,155167
217551,6,150,1,255,0,0,0,0,1,0,0,0,0,0,0,0,0,0,0,1,0,0,0,1,0,0,0,0,22,0,0,0,25,0,156297
217701,6,50,0,255,0,0,0,0,1,0,0,0,0,0,0,0,0,0,0,1,0,0,0,1,0,0,0,0,22,0,0,0,1,0,156404
218342,6,10,1,255,0,0,0,0,1,0,0,0,0,0,0,0,0,1,0,1,0,0,0,1,0,0,0,0,22,0,0,0,25,0,156772
220699,6,5,0,16,0,0,0,0,1,0,0,0,0,0,5,0,0,0,0,1,0,0,0,1,0,0,0,0,0,0,0,0,1,0,158183
220702,6,20,0,16,0,0,0,0,1,0,0,0,0,0,5,0,0,0,0,1,0,0,0,1,0,0,0,0,0,0,0,0,1,0,158185
221269,6,50,1,255,0,0,0,0,1,0,0,0,22,0,0,0,0,0,0,1,0,0,0,1,0,0,0,0,22,0,0,14,22,15,158423
221791,6,25,1,255,0,0,0,0,1,0,0,0,22,0,0,0,0,0,0,1,0,0,0,1,0,0,0,0,22,0,0,0,6,0,158560
221952,6,30,0,255,16,0,0,0,1,0,0,0,0,0,0,0,0,1,0,1,0,0,0,1,0,0,0,0,22,0,0,88,22,7,145213
221953,6,10,0,255,15,0,0,0,1,0,0,0,0,0,0,0,0,1,0,1,0,0,0,1,0,0,0,0,22,0,0,88,22,7,145213
221993,6,75,1,255,16,0,0,0,1,0,0,0,22,0,0,0,0,0,0,1,0,0,0,1,0,0,0,0,22,0,0,30,22,15,149347
222321,6,450,2,16,0,0,0,0,1,0,0,0,0,0,0,0,0,0,0,1,0,0,0,1,0,0,0,0,0,0,0,0,1,0,158786
222922,6,100,0,255,0,0,0,0,1,0,0,0,0,0,0,0,0,0,0,1,0,0,0,1,0,0,0,0,20,0,0,0,25,0,159178
223783,6,10,0,255,0,0,0,0,1,0,0,0,0,0,0,0,0,0,0,1,0,0,0,1,0,0,0,0,20,0,0,20,22,15,159709
224474,6,10,0,255,0,0,0,0,1,0,0,0,0,0,0,0,0,0,0,1,0,0,0,1,0,0,0,0,18,0,0,0,25,0,160149
224492,6,50,0,255,8,0,0,0,1,0,0,0,0,0,0,0,0,1,0,1,0,0,0,1,0,0,0,0,22,0,0,0,6,0,153795
224493,6,30,0,255,2,0,0,0,1,0,0,0,0,0,0,0,0,1,0,1,0,0,0,1,0,0,0,0,22,0,0,0,6,0,153795
224654,6,490,0,16,0,0,0,0,1,0,0,0,0,0,0,0,0,0,0,1,0,0,0,1,0,0,0,0,0,0,0,0,1,0,160252
224665,6,490,1,16,0,0,0,0,1,0,0,0,0,0,0,0,0,0,0,1,0,0,0,1,0,0,0,0,0,0,0,0,1,0,160258
224693,6,0,3,139,0,0,0,0,1,0,0,0,0,0,0,0,0,0,0,1,0,0,0,1,0,0,0,0,1059,0,0,0,1,0,160277
224694,6,0,4,139,0,0,0,0,1,0,0,0,0,0,0,0,0,0,0,1,0,0,0,1,0,0,0,0,1102,0,0,0,1,0,160277
226590,6,4,0,139,0,0,0,0,1,0,0,0,0,0,0,0,0,0,0,1,0,0,0,1,0,0,0,0,14,0,0,0,1,0,161488
227273,6,10,0,255,0,0,0,0,1,0,0,0,0,0,0,0,0,0,0,1,0,0,0,1,0,0,0,0,18,0,0,0,6,0,161933
227332,6,10,0,255,0,0,0,0,1,0,0,0,0,0,0,0,0,0,0,1,0,0,0,1,0,0,0,0,33,0,0,0,6,0,161971
227741,6,75,0,255,0,0,0,0,1,0,0,0,0,0,0,0,0,0,0,1,0,0,0,1,0,0,0,0,22,0,0,0,1,0,162249
227818,6,10,1,255,0,0,0,0,1,0,0,0,0,0,0,0,0,0,0,1,0,0,0,1,0,0,0,0,22,0,0,0,6,0,162295
227864,6,3,0,139,0,0,0,0,1,0,0,0,0,0,0,0,0,0,0,1,0,0,0,1,0,0,0,0,960,0,0,0,1,0,162315
228041,6,5,1,255,0,0,0,0,1,0,0,0,0,0,0,0,0,1,0,1,0,0,0,1,0,0,0,0,22,0,0,13,53,16,155078
229046,6,100,1,255,0,0,0,0,1,0,0,0,0,0,0,0,0,1,0,1,0,0,0,1,0,0,0,0,32,0,0,0,25,0,163046
230852,6,400,0,16,0,0,0,0,1,0,0,0,0,0,0,0,0,0,0,1,0,0,0,1,0,0,0,0,0,0,0,0,1,0,163912
231502,6,15,0,255,0,0,0,0,1,0,0,0,0,0,0,0,0,0,0,1,0,0,0,1,0,0,0,0,22,0,0,0,6,0,164241
231663,6,3,0,139,0,0,0,0,1,0,0,0,0,0,0,0,0,0,0,1,0,0,0,1,0,0,0,0,1665,0,0,0,1,0,164353
231665,6,3,0,139,0,0,0,0,1,0,0,0,0,0,0,0,0,0,0,1,0,0,0,1,0,0,0,0,1665,0,0,0,1,0,164354
231671,6,4,1,139,0,0,0,0,1,0,0,0,0,0,0,0,0,0,0,1,0,0,0,1,0,0,0,0,1687,0,0,0,1,0,164332
232396,6,50,0,255,0,0,0,0,1,0,0,0,0,0,0,0,0,1,0,1,0,0,0,1,0,0,0,0,22,0,0,0,25,0,164804
232779,6,9999,1,16,0,0,0,0,1,0,0,0,0,0,0,0,0,0,0,1,0,0,0,1,0,0,0,0,0,0,0,0,1,0,164987
232982,6,4,1,139,0,0,0,0,1,0,0,0,0,0,0,0,0,0,0,1,0,0,0,1,0,0,0,0,1687,0,0,0,1,0,165120
233781,6,40,1,255,0,0,0,0,1,0,0,0,0,0,0,0,0,0,0,1,0,0,0,1,0,0,0,0,22,0,0,30,22,15,165595
234215,6,4,0,139,0,0,0,0,1,0,0,0,0,0,0,0,0,0,0,1,0,0,0,1,0,0,0,0,1674,0,0,0,1,0,165892
234546,6,25,1,255,0,0,0,0,1,0,0,0,0,0,0,0,0,0,0,1,0,0,0,1,0,0,0,0,22,0,0,0,25,0,166084
236345,6,10,0,255,0,0,0,0,1,0,0,0,0,0,0,0,0,0,0,1,0,0,0,1,0,0,0,0,20,0,0,10,22,15,167179
236350,6,10,1,255,0,0,0,0,1,0,0,0,0,0,0,0,0,0,0,1,0,0,0,1,0,0,0,0,22,0,0,10,22,15,167179
237140,6,5,0,16,0,0,0,0,1,0,0,0,0,0,5,0,0,0,0,1,0,0,0,1,0,0,0,0,0,0,0,0,1,0,167576
237199,6,50,0,255,0,0,0,0,1,0,0,0,0,0,0,0,0,1,0,1,0,0,0,1,0,0,0,0,22,0,0,0,25,0,167615
239775,6,10,1,255,0,0,0,0,1,0,0,0,0,0,0,0,0,0,0,1,0,0,0,1,0,0,0,0,22,0,0,0,25,0,161588
240487,6,9999,0,16,0,0,0,0,1,0,0,0,0,0,0,0,0,0,0,1,0,0,0,1,0,0,0,0,0,0,0,0,1,0,169626
241409,6,20,1,255,17,0,0,0,1,0,0,0,0,0,0,0,0,1,0,1,0,0,0,1,0,0,0,0,22,0,0,13,53,16,155078
241750,6,180,0,255,0,0,0,0,1,0,0,0,0,0,0,0,0,0,0,1,0,0,0,1,0,0,0,0,22,0,0,0,6,0,170395
241772,6,180,0,255,0,0,0,0,1,0,0,0,0,0,0,0,0,0,0,1,0,0,0,1,0,0,0,0,20,0,0,0,25,0,170405
241918,6,10,0,255,0,0,0,0,1,0,0,0,0,0,0,0,0,0,0,1,0,0,0,1,0,0,0,0,18,0,0,0,6,0,170489
242318,6,3,1,139,0,0,0,0,1,0,0,0,0,0,0,0,0,0,0,1,0,0,0,1,0,0,0,0,14,0,0,0,1,0,170755
242323,6,3,2,139,0,0,0,0,1,0,0,0,0,0,0,0,0,0,0,1,0,0,0,1,0,0,0,0,34,0,0,0,1,0,170755
244254,6,100,1,255,0,0,0,0,1,0,0,0,0,0,0,0,0,0,0,1,0,0,0,1,0,0,0,0,22,0,0,0,6,0,171963
246456,6,20,1,255,0,0,0,0,1,1,0,0,0,0,0,0,0,1,0,1,0,0,0,1,0,0,0,0,20,0,0,0,6,0,162322
246458,6,10,1,255,14,0,0,0,1,0,0,0,0,0,0,0,0,1,0,1,0,0,0,1,0,0,0,0,22,0,0,13,53,16,155078
247246,6,50,0,255,0,0,0,0,1,0,0,0,0,0,0,0,0,0,0,1,0,0,0,1,0,0,0,0,22,0,0,0,6,0,173586
248786,6,25,1,255,0,0,0,0,1,0,0,0,22,0,0,0,0,0,0,1,0,0,0,1,0,0,0,0,22,0,0,18,22,15,174428
249176,6,500,2,255,0,0,0,0,1,0,0,0,0,0,0,0,0,0,0,1,0,0,0,1,0,0,0,0,22,0,0,0,1,0,174624
250030,6,30,1,255,0,0,0,0,1,0,0,0,0,0,0,0,0,0,0,1,0,0,0,1,0,0,0,0,1,0,0,0,6,0,175104
250178,6,5,1,255,0,0,0,0,1,0,0,0,0,0,0,0,0,0,0,1,0,0,0,1,0,0,0,0,22,0,0,0,25,0,156888
250179,6,3,1,255,17,0,0,0,1,0,0,0,0,0,0,0,0,0,0,1,0,0,0,1,0,0,0,0,22,0,0,0,25,0,156888
250933,6,10,1,255,0,0,0,0,1,0,0,0,0,0,0,0,0,0,0,1,0,0,0,1,0,0,0,0,22,0,0,37,2,16,155061
250934,6,15,1,255,16,0,0,0,1,0,0,0,0,0,0,0,0,0,0,1,0,0,0,1,0,0,0,0,22,0,0,37,2,16,155061
250936,6,10,1,255,0,0,0,0,1,0,0,0,0,0,0,0,0,0,0,1,0,0,0,1,0,0,0,0,22,0,0,37,2,16,162283
250937,6,15,1,255,16,0,0,0,1,0,0,0,0,0,0,0,0,0,0,1,0,0,0,1,0,0,0,0,22,0,0,37,2,16,162283
251294,6,0,3,139,0,0,0,0,1,0,0,0,0,0,0,0,0,0,0,1,0,0,0,1,0,0,0,0,1059,0,0,0,1,0,175771
251295,6,0,4,139,0,0,0,0,1,0,0,0,0,0,0,0,0,0,0,1,0,0,0,1,0,0,0,0,1102,0,0,0,1,0,175771
251380,6,3,0,139,0,0,0,0,1,0,0,0,0,0,0,0,0,0,0,1,0,0,0,1,0,0,0,0,1746,0,0,0,1,0,175819
251604,6,20,0,255,8,0,0,0,1,0,0,0,0,0,0,0,0,0,0,1,0,0,0,1,0,0,0,0,22,0,0,0,6,0,164241
251669,6,15,1,255,8,0,0,0,1,0,0,0,0,0,0,0,0,0,0,1,0,0,0,1,0,0,0,0,22,0,0,0,25,0,161588
252570,6,25,0,255,0,0,0,0,1,0,0,0,0,0,0,0,0,0,0,1,0,0,0,1,0,0,0,0,22,0,0,0,1,0,176504
252806,6,100,1,16,0,0,0,0,1,0,0,0,0,0,0,0,0,0,0,1,0,0,0,1,0,0,0,0,0,0,0,0,1,0,176643
252838,6,750,0,16,0,0,0,0,1,0,0,0,0,0,0,0,0,0,0,1,0,0,0,1,0,0,0,0,0,0,0,0,1,0,176661
253802,6,5,1,255,17,0,0,0,1,0,0,0,0,0,0,0,0,0,0,1,0,0,0,1,0,0,0,0,22,0,0,37,2,16,162283
253803,6,5,1,255,17,0,0,0,1,0,0,0,0,0,0,0,0,0,0,1,0,0,0,1,0,0,0,0,22,0,0,37,2,16,155061
254075,6,7,0,139,0,0,0,0,1,0,0,0,0,0,0,0,0,0,0,1,0,0,0,1,0,0,0,0,1065,0,0,0,1,0,177456
255062,6,1,2,139,0,0,0,1,1,0,0,0,0,0,0,0,0,0,0,1,0,0,0,1,0,0,0,0,1106,0,0,0,1,0,28282
255546,6,300,1,255,16,0,0,0,1,0,0,0,0,0,0,0,0,0,0,1,0,0,0,1,0,0,0,0,20,0,20,0,104,0,155074
257075,6,100,1,255,0,0,0,0,1,0,0,0,18,0,0,0,0,0,0,1,0,0,0,1,0,0,0,0,0,0,0,0,25,0,178918
257302,6,3,1,139,0,0,0,0,1,0,0,0,0,0,0,0,0,0,0,1,0,0,0,1,0,0,0,0,19,0,0,0,1,0,179052
258502,6,500,0,16,0,0,0,0,1,0,0,0,0,0,5,0,0,0,0,1,0,0,0,1,0,0,0,0,0,0,0,0,1,0,179874
259763,6,3,0,139,0,0,0,0,1,0,0,0,0,0,0,0,0,0,0,1,0,0,0,1,0,0,0,0,311,0,0,0,1,0,180558
259809,6,515,0,16,0,0,0,0,1,0,0,0,0,0,0,0,0,0,0,1,0,0,0,1,0,0,0,0,0,0,0,0,1,0,180592
261152,6,100,0,255,0,0,0,0,1,0,0,0,0,0,0,0,0,0,0,1,0,0,0,1,0,0,0,0,9,0,0,32,87,16,181090
262043,6,300,2,255,0,0,0,0,1,0,0,0,0,0,0,0,0,1,0,1,0,0,0,1,0,0,0,0,22,0,0,0,6,0,181359
262698,6,3,0,139,0,0,0,0,1,0,0,0,0,0,0,0,0,0,0,1,0,0,0,1,0,0,0,0,14,0,0,0,1,0,181709
263214,6,200,0,255,0,0,0,0,1,0,0,0,0,0,0,0,0,0,0,1,0,0,0,1,0,0,0,0,22,0,0,0,25,0,182038
265056,6,100,0,255,16,0,0,0,1,0,0,0,0,0,0,0,0,0,0,1,0,0,0,1,0,0,0,0,22,0,0,0,1,0,156404
266750,6,30,0,16,0,0,0,0,1,0,0,0,0,0,5,0,0,0,0,1,0,0,0,1,0,0,0,0,0,0,0,0,1,0,184097
266870,6,50,2,255,0,0,0,0,1,0,0,0,0,0,0,0,0,0,0,1,0,0,0,1,0,0,0,0,22,0,0,0,6,0,184175
267007,6,1,0,16,0,0,0,0,1,0,0,0,0,0,5,0,0,0,0,1,0,0,0,1,0,0,0,0,0,0,0,0,1,0,184259
267259,6,100,0,255,0,0,0,0,1,0,0,0,0,0,0,0,0,0,0,1,0,0,0,1,0,0,0,0,20,0,0,0,25,0,184392
267665,6,1000,0,16,0,0,0,0,1,0,0,0,0,0,0,0,0,0,0,1,0,0,0,1,0,0,0,0,0,0,0,0,1,0,184651
270318,6,50,0,255,0,0,0,0,1,0,0,0,0,0,0,0,0,0,0,1,0,0,0,1,0,0,0,0,23,0,0,113,22,15,185978
271558,6,50,1,255,0,0,0,0,1,0,0,0,0,0,0,0,0,1,0,1,0,0,0,1,0,0,0,0,20,0,0,0,77,0,186448
272116,6,20,1,255,0,0,0,0,1,0,0,0,0,0,0,0,0,1,0,1,0,0,0,1,0,0,0,0,20,0,0,0,77,0,186785
273695,6,100,1,255,0,0,0,0,1,0,0,0,0,0,0,0,0,0,0,1,0,0,0,1,0,0,0,0,22,0,23,0,54,0,187664
274379,6,100,1,255,0,0,0,0,1,0,0,0,0,0,0,0,0,0,0,1,0,0,0,1,0,0,0,0,22,0,0,0,77,0,188087
274540,6,1,0,16,0,0,0,0,1,0,0,0,0,0,5,0,0,0,0,1,0,0,0,1,0,0,0,0,0,0,0,0,1,0,188144
277599,6,3,0,139,0,0,0,0,1,0,0,0,0,0,0,0,0,0,0,1,0,0,0,1,0,0,0,0,1065,0,0,0,1,0,189693
278054,6,1000,1,255,0,0,0,0,1,0,0,0,0,0,0,0,0,1,0,1,0,0,0,1,0,0,0,0,22,0,0,0,6,0,189533
278400,6,50,1,255,0,0,0,0,1,0,0,0,0,0,0,0,0,0,0,1,0,0,0,1,0,0,0,0,20,0,0,0,1,0,190070
278583,6,1000,1,255,0,0,0,0,1,0,0,0,0,0,0,0,0,0,0,1,0,0,0,1,0,0,0,0,18,0,0,14,87,16,189781
278822,6,8,0,255,0,0,0,0,1,0,0,0,0,0,0,0,0,0,0,1,0,0,0,1,0,0,0,0,22,0,0,0,1,0,190341
278953,6,600,0,255,0,0,0,0,1,0,0,0,0,0,0,0,0,0,0,1,0,0,0,1,0,0,0,0,22,0,0,13,18,31,190400
279140,6,100,2,255,0,0,0,0,1,0,0,0,0,0,0,0,0,0,0,1,0,0,0,1,0,0,0,0,22,0,0,9,138,8,185656
279165,6,25,0,255,0,0,0,0,1,0,0,0,0,0,0,0,0,0,0,1,0,0,0,1,0,0,0,0,20,0,0,0,1,0,190482
279588,6,5,1,255,0,0,0,0,1,0,0,0,0,0,0,0,0,1,0,1,0,0,0,1,0,0,0,0,3,0,88,0,134,0,190706
279672,6,300,0,255,16,0,0,0,1,0,0,0,0,0,0,0,0,0,0,1,0,0,0,1,0,0,0,0,22,0,0,0,25,0,182038
279979,6,10,1,255,17,0,0,0,1,0,0,0,0,0,0,0,0,1,0,1,0,0,0,1,0,0,0,0,20,0,0,0,77,0,186448
279980,6,50,1,255,16,0,0,0,1,0,0,0,0,0,0,0,0,1,0,1,0,0,0,1,0,0,0,0,20,0,0,0,77,0,186448
279981,6,40,1,255,15,0,0,0,1,0,0,0,0,0,0,0,0,1,0,1,0,0,0,1,0,0,0,0,20,0,0,0,77,0,186448
279982,6,20,1,255,14,0,0,0,1,0,0,0,0,0,0,0,0,1,0,1,0,0,0,1,0,0,0,0,20,0,0,0,77,0,186448
279983,6,25,2,255,17,0,0,0,1,0,0,0,0,0,0,0,0,0,0,1,0,0,0,1,0,0,0,0,22,0,0,8,138,8,185656
279984,6,100,2,255,16,0,0,0,1,0,0,0,0,0,0,0,0,0,0,1,0,0,0,1,0,0,0,0,22,0,0,9,138,8,185656
279985,6,75,2,255,15,0,0,0,1,0,0,0,0,0,0,0,0,0,0,1,0,0,0,1,0,0,0,0,22,0,0,8,138,8,185656
279986,6,50,2,255,14,0,0,0,1,0,0,0,0,0,0,0,0,0,0,1,0,0,0,1,0,0,0,0,22,0,0,8,138,8,185656
280886,6,1000,1,255,15,0,0,0,1,0,0,0,0,0,0,0,0,1,0,1,0,0,0,1,0,0,0,0,22,0,0,0,6,0,189533
280887,6,300,1,255,14,0,0,0,1,0,0,0,0,0,0,0,0,1,0,1,0,0,0,1,0,0,0,0,22,0,0,0,6,0,189533
281413,6,4,0,139,0,0,0,0,1,0,0,0,0,0,0,0,0,0,0,1,0,0,0,1,0,0,0,0,25,0,0,0,1,0,191824
283264,6,1,0,16,0,0,0,0,1,0,0,0,0,0,5,0,0,0,0,1,0,0,0,1,0,0,0,0,0,0,0,0,1,0,193078
286806,6,3,0,139,0,0,0,0,1,0,0,0,0,0,0,0,0,0,0,1,0,0,0,1,0,0,0,0,19,0,0,0,92,0,195382
287476,174,5,1,139,0,0,0,0,1,0,0,0,0,0,0,0,0,0,0,1,0,0,0,1,0,0,0,0,67,0,28,28,1,0,195838
287477,174,1,2,139,0,0,0,0,1,0,0,0,0,0,0,0,0,0,0,1,0,0,0,1,0,0,0,0,469,0,28,28,1,0,195838
287488,174,5,1,139,0,0,0,0,1,0,0,0,0,0,0,0,0,0,0,1,0,0,0,1,0,0,0,0,469,0,28,28,1,0,195843
287489,174,1,2,139,0,0,0,0,1,0,0,0,0,0,0,0,0,0,0,1,0,0,0,1,0,0,0,0,67,0,28,28,1,0,195843
288895,6,1,0,16,0,0,0,0,1,0,0,0,0,0,5,0,0,0,0,1,0,0,0,1,0,0,0,0,0,0,0,0,1,0,196774
289330,6,0,1,139,0,0,0,0,1,0,0,0,0,0,0,0,0,0,0,1,0,0,0,1,0,0,0,0,1065,0,0,0,25,0,196963
289869,6,25,1,255,0,0,0,0,1,0,0,0,33,0,0,0,0,0,0,1,0,0,0,1,0,0,0,0,33,0,0,0,6,0,197326
290447,6,1,0,139,0,0,0,0,1,0,0,0,0,0,0,0,0,0,0,1,0,0,0,1,0,0,0,0,1080,0,0,0,1,0,197656
290905,6,150,2,255,0,0,0,0,1,0,0,0,0,0,0,0,0,0,0,1,0,0,0,1,0,0,0,0,33,0,0,0,6,0,197943
291006,6,3,0,139,0,0,0,0,1,0,0,0,0,0,0,0,0,0,0,1,0,0,0,1,0,0,0,0,25,0,0,0,1,0,198005
291158,6,500,0,255,0,0,0,0,1,0,0,0,0,0,0,0,0,0,0,1,0,0,0,1,0,0,0,0,34,0,0,0,6,0,198108
291513,6,0,0,139,0,0,0,0,1,0,0,0,0,0,0,0,0,0,0,1,0,0,0,1,0,0,0,0,974,0,0,0,1,0,198354
291791,6,50,1,255,0,0,0,0,1,0,0,0,0,0,0,0,0,0,0,1,0,0,0,1,0,0,0,0,22,0,0,9,22,15,198519
292220,6,30,0,16,0,0,0,0,1,0,0,0,0,0,5,0,0,0,0,1,0,0,0,1,0,0,0,0,0,0,0,0,1,0,198783
293558,6,30,0,16,0,0,0,0,1,0,0,0,0,0,5,0,0,0,0,1,0,0,0,1,0,0,0,0,0,0,12,0,120,0,199483
294421,6,25,1,255,0,0,0,0,1,0,0,0,35,0,0,0,0,0,0,1,0,0,0,1,0,0,0,0,35,0,0,22,22,7,199948
294773,6,98,0,16,0,0,0,0,1,0,0,0,0,0,5,0,0,0,0,1,0,0,0,1,0,0,0,0,0,0,0,0,1,0,200244
295238,6,98,0,16,0,0,0,0,1,0,0,0,0,0,5,0,0,0,0,1,0,0,0,1,0,0,0,0,0,0,0,0,1,0,200544
295304,6,50,1,255,0,0,0,0,1,0,0,0,33,0,0,0,0,0,0,1,0,0,0,1,0,0,0,0,33,0,0,10,22,15,200580
295654,6,10,1,255,0,0,0,0,1,0,0,0,0,0,0,0,0,0,0,1,0,0,0,1,0,0,0,0,22,0,29,0,129,0,200783
296185,6,3,1,139,0,0,0,0,1,0,0,0,0,0,0,0,0,0,0,1,0,0,0,1,0,0,0,0,973,0,0,0,1,0,189252
296186,6,1,2,139,0,0,0,0,1,0,0,0,0,0,0,0,0,0,0,1,0,0,0,1,0,0,0,0,959,0,0,0,1,0,189252
296491,6,3,1,139,0,0,0,0,1,0,0,0,0,0,0,0,0,0,0,1,0,0,0,1,0,0,0,0,973,0,0,0,1,0,201284
296492,6,1,2,139,0,0,0,0,1,0,0,0,0,0,0,0,0,0,0,1,0,0,0,1,0,0,0,0,959,0,0,0,1,0,201284
296495,6,3,1,139,0,0,0,0,1,0,0,0,0,0,0,0,0,0,0,1,0,0,0,1,0,0,0,0,973,0,0,0,1,0,201285
296496,6,1,2,139,0,0,0,0,1,0,0,0,0,0,0,0,0,0,0,1,0,0,0,1,0,0,0,0,959,0,0,0,1,0,201285
297949,6,4,2,139,0,0,0,0,1,0,0,0,0,0,0,0,0,0,0,1,0,0,0,1,0,0,0,0,1910,0,0,0,1,0,202129
297971,174,7,4,139,0,0,0,0,1,0,0,0,0,0,0,0,0,0,0,1,0,0,0,1,0,0,0,0,1910,0,12,12,1,0,202129
298499,6,3,1,139,0,0,0,0,1,0,0,0,0,0,0,0,0,0,0,1,0,0,0,1,0,0,0,0,1913,0,0,0,1,0,202477
301753,6,99999,0,16,0,0,0,0,1,0,0,0,0,0,0,0,0,0,0,1,0,0,0,1,0,0,0,0,0,0,0,0,1,0,204461
302777,6,25,1,255,0,0,0,0,1,0,0,0,0,0,0,0,0,0,0,1,0,0,0,1,0,0,0,0,22,0,0,13,22,15,205089
303330,6,50,2,255,17,0,0,0,1,0,0,0,0,0,0,0,0,0,0,1,0,0,0,1,0,0,0,0,33,0,0,0,6,0,197943
303994,6,1,0,16,0,0,0,0,1,0,0,0,0,0,5,0,0,0,0,1,0,0,0,1,0,0,0,0,0,0,0,0,1,0,205734
304461,6,1,0,16,0,0,0,0,1,0,0,0,0,0,0,0,0,0,0,1,0,0,0,1,0,0,0,0,0,0,0,0,1,0,205985
304476,6,1,0,16,0,0,0,0,1,0,0,0,0,0,5,0,0,0,0,1,0,0,0,1,0,0,0,0,0,0,0,0,1,0,205991
305379,6,2,1,255,0,0,0,0,1,0,0,0,0,0,0,0,0,0,0,1,0,0,0,1,0,0,0,0,22,0,0,0,25,0,206339
305380,6,5,1,255,0,0,0,0,1,0,0,0,0,0,0,0,0,0,0,1,0,0,0,1,0,0,0,0,22,0,0,0,25,0,206367
306021,6,3,1,139,0,0,0,0,1,0,0,0,0,0,0,0,0,0,0,1,0,0,0,1,0,0,0,0,19,0,0,0,1,0,206919
307065,6,550,0,16,0,0,0,0,1,0,0,0,0,0,0,0,0,0,0,1,0,0,0,1,0,0,0,0,0,0,0,0,1,0,207629
308014,6,75,1,255,0,0,0,0,1,0,0,0,0,0,0,0,0,0,0,1,0,0,0,1,0,0,0,0,20,0,0,13,18,8,203646
309055,6,4,1,139,0,0,0,0,1,0,0,0,0,0,0,0,0,0,0,1,0,0,0,1,0,0,0,0,1913,0,0,0,1,0,208824
309228,6,3,0,139,0,0,0,0,1,0,0,0,0,0,0,0,0,0,0,1,0,0,0,1,0,0,0,0,14,0,0,0,1,0,208934
309535,6,3,4,139,0,0,0,0,1,0,0,0,0,0,0,0,0,0,0,1,0,0,0,1,0,0,0,0,1065,0,0,0,1,0,202851
310932,6,250,2,255,16,0,0,0,1,0,0,0,0,0,0,0,0,0,0,1,0,0,0,1,0,0,0,0,33,0,0,0,6,0,197943
310933,6,150,2,255,15,0,0,0,1,0,0,0,0,0,0,0,0,0,0,1,0,0,0,1,0,0,0,0,33,0,0,0,6,0,197943
310934,6,75,2,255,14,0,0,0,1,0,0,0,0,0,0,0,0,0,0,1,0,0,0,1,0,0,0,0,33,0,0,0,6,0,197943
311356,6,20,1,255,0,0,0,0,1,0,0,0,0,0,0,0,0,1,0,1,0,0,0,1,0,0,0,0,22,0,0,88,22,15,210279
312517,6,50,1,255,0,0,0,0,1,0,0,0,0,0,0,0,0,1,0,1,0,0,0,1,0,0,0,0,33,0,12,0,129,0,210984
313515,6,3,2,139,0,0,0,0,1,0,0,0,0,0,0,0,0,0,0,1,0,0,0,1,0,0,0,0,73,0,0,0,1,0,202477
313963,6,10,0,255,0,0,0,0,1,0,0,0,0,0,0,0,0,0,0,1,0,0,0,1,0,0,0,0,22,0,0,0,25,0,211887
314706,6,4,0,139,0,0,0,0,1,0,0,0,0,0,0,0,0,0,0,1,0,0,0,1,0,0,0,0,1171,0,0,0,1,0,212285
315337,6,80,1,255,0,0,0,0,1,0,0,0,0,0,0,0,0,0,0,1,0,0,0,1,0,0,0,0,33,0,0,0,1,0,212647
315716,6,100,1,255,0,0,0,0,1,0,0,0,0,0,0,0,0,0,0,1,0,0,0,1,0,0,0,0,22,0,23,0,104,0,212852
315809,6,1000,0,16,0,0,0,0,1,0,0,0,0,0,0,0,0,0,0,1,0,0,0,1,0,0,0,0,0,0,0,0,1,0,212922
315931,6,3,0,139,0,0,0,0,1,0,0,0,0,0,0,0,0,0,0,1,0,0,0,1,0,0,0,0,1913,0,0,0,96,0,212984
316098,6,320,0,16,0,0,0,0,1,0,0,0,0,0,0,0,0,0,0,1,0,0,0,1,0,0,0,0,0,0,0,0,1,0,213092
316197,6,100,1,255,0,0,0,0,1,0,0,0,0,0,0,0,0,0,0,1,0,0,0,1,0,0,0,0,35,0,10,0,129,0,213162
316291,6,5,0,139,0,0,0,0,1,0,0,0,0,0,0,0,0,0,0,1,0,0,0,1,0,0,0,0,0,0,0,0,1,0,213226
316727,6,4,3,139,0,0,0,0,1,0,0,0,0,0,0,0,0,0,0,1,0,0,0,1,0,0,0,0,1962,0,0,0,1,0,202477
316772,6,30,1,255,0,0,0,0,1,0,0,0,0,0,0,0,0,1,0,1,0,0,0,1,0,0,0,0,22,0,0,0,6,0,213534
318412,6,75,1,255,0,0,0,0,1,0,0,0,0,0,0,0,0,0,0,1,0,0,0,1,0,0,0,0,35,0,0,12,22,15,214427
318593,6,100,1,255,0,0,0,0,1,0,0,0,0,0,0,0,0,1,0,1,0,0,0,1,0,0,0,0,34,0,0,0,6,0,214529
318636,6,50,1,255,0,0,0,0,1,0,0,0,0,0,0,0,0,0,0,1,0,0,0,1,0,0,0,0,22,0,0,88,87,16,207833
319101,6,10000,2,16,0,0,0,0,1,0,0,0,0,0,0,0,0,0,0,1,0,0,0,1,0,0,0,0,0,0,0,0,1,0,214391
319142,6,10000,2,16,0,0,0,0,1,0,0,0,0,0,0,0,0,0,0,1,0,0,0,1,0,0,0,0,0,0,0,0,1,0,214682
319244,6,1,0,139,0,0,0,0,1,0,0,0,0,0,0,0,0,0,0,1,0,0,0,1,0,0,0,0,1369,0,0,0,1,0,214959
321154,6,100,0,255,0,0,0,0,1,0,0,0,0,0,0,0,0,0,0,1,0,0,0,1,0,0,0,0,35,0,0,0,25,0,215944
322783,6,3,0,139,0,0,0,0,1,0,0,0,0,0,0,0,0,0,0,1,0,0,0,1,0,0,0,0,1962,0,0,0,1,0,216949
324131,6,1,1,255,17,0,0,0,1,0,0,0,0,0,0,0,0,0,0,1,0,0,0,1,0,0,0,0,22,0,0,0,25,0,206339
324132,6,5,1,255,16,0,0,0,1,0,0,0,0,0,0,0,0,0,0,1,0,0,0,1,0,0,0,0,22,0,0,0,25,0,206339
324415,6,98,0,16,0,0,0,0,1,0,0,0,0,0,5,0,0,0,0,1,0,0,0,1,0,0,0,0,0,0,0,0,1,0,217930
324449,6,100,1,255,0,0,0,0,1,0,0,0,0,0,0,0,0,0,0,1,0,0,0,1,0,0,0,0,22,0,48,0,104,0,217946
325069,6,25,1,255,0,0,0,0,1,0,0,0,0,0,0,0,0,0,0,1,0,0,0,1,0,0,0,0,33,0,0,0,6,0,218338
325386,6,15,0,255,0,0,0,0,1,0,0,0,0,0,0,0,0,0,0,1,0,0,0,1,0,0,0,0,33,0,0,0,25,0,218519
325985,6,100,1,255,0,0,0,0,1,0,0,0,0,0,0,0,0,0,0,1,0,0,0,1,0,0,0,0,22,0,48,0,104,0,218888
326239,6,10,1,255,0,0,0,0,1,0,0,0,0,0,0,0,0,0,0,1,0,0,0,1,0,0,0,0,34,0,0,0,6,0,219059
326322,6,25,1,255,0,0,0,0,1,0,0,0,0,0,0,0,0,0,0,1,0,0,0,1,0,0,0,0,34,0,0,83,22,15,219118
328440,174,1,1,139,0,0,0,0,1,0,0,0,0,0,0,0,0,0,0,1,0,0,0,1,0,0,0,0,469,0,28,28,1,0,220282
328441,174,1,2,139,0,0,0,0,1,0,0,0,0,0,0,0,0,0,0,1,0,0,0,1,0,0,0,0,67,0,28,28,1,0,220282
328561,6,3,0,139,0,0,0,0,1,0,0,0,0,0,0,0,0,0,0,1,0,0,0,1,0,0,0,0,1912,0,0,0,1,0,220366
329604,6,50,1,255,0,0,0,0,1,0,0,0,0,0,0,0,0,0,0,1,0,0,0,1,0,0,0,0,22,0,0,9,22,15,220966
332195,6,10,1,255,17,0,0,0,1,0,0,0,0,0,0,0,0,1,0,1,0,0,0,1,0,0,0,0,33,0,0,0,6,0,210984
332196,6,100,1,255,16,0,0,0,1,0,0,0,0,0,0,0,0,1,0,1,0,0,0,1,0,0,0,0,33,0,12,0,129,0,210984
332197,6,50,1,255,15,0,0,0,1,0,0,0,0,0,0,0,0,1,0,1,0,0,0,1,0,0,0,0,33,0,12,0,129,0,210984
332198,6,20,1,255,14,0,0,0,1,0,0,0,0,0,0,0,0,1,0,1,0,0,0,1,0,0,0,0,33,0,12,0,129,0,210984
333785,6,4,0,139,0,0,0,0,1,0,0,0,0,0,0,0,0,0,0,1,0,0,0,1,0,0,0,0,1045,0,0,0,1,0,223335
333997,6,10,1,255,17,0,0,0,1,0,0,0,0,0,0,0,0,1,0,1,0,0,0,1,0,0,0,0,22,0,0,88,22,15,210279
335483,6,100,0,255,0,0,0,0,1,0,0,0,0,0,0,0,0,0,0,1,0,0,0,1,0,0,0,0,22,0,0,0,6,0,224188
337368,6,100,1,255,0,0,0,0,1,0,0,0,0,0,0,0,0,0,0,1,0,0,0,1,0,0,0,0,34,0,0,0,6,0,215582
337389,6,10,1,255,17,0,0,0,1,0,0,0,0,0,0,0,0,0,0,1,0,0,0,1,0,0,0,0,34,0,0,0,6,0,215582
337390,6,200,1,255,16,0,0,0,1,0,0,0,0,0,0,0,0,0,0,1,0,0,0,1,0,0,0,0,34,0,0,0,6,0,215582
338124,6,50,1,255,16,0,0,0,1,0,0,0,0,0,0,0,0,1,0,1,0,0,0,1,0,0,0,0,22,0,0,0,6,0,213534
339500,6,5,1,255,0,0,0,0,1,0,0,0,0,0,0,0,0,0,0,1,0,0,0,1,0,0,0,0,33,0,0,25,22,15,226216
339627,6,1000,0,16,0,0,0,0,1,0,0,0,0,0,0,0,0,0,0,1,0,0,0,1,0,0,0,0,0,0,0,0,1,0,226270
340064,6,0,0,139,0,0,0,0,1,0,0,0,0,0,0,0,0,0,0,1,0,0,0,1,0,0,0,0,959,0,0,0,1,0,226527
340550,6,100,2,255,16,0,0,0,1,0,0,0,0,0,0,0,0,0,0,1,0,0,0,3,0,0,0,0,35,0,0,14,22,15,211073
340558,6,100,2,255,16,0,0,0,1,0,0,0,0,0,0,0,0,0,0,1,0,0,0,3,0,0,0,0,35,0,0,14,22,15,226821
340559,6,100,2,255,0,0,0,0,1,0,0,0,0,0,0,0,0,0,0,1,0,0,0,3,0,0,0,0,35,0,0,14,22,15,226821
340892,6,50,1,255,23,0,0,0,1,0,0,0,33,0,0,0,0,0,0,1,0,0,0,1,0,0,0,0,33,0,0,10,22,15,200580
340893,6,30,1,255,2,0,0,0,1,0,0,0,33,0,0,0,0,0,0,1,0,0,0,1,0,0,0,0,33,0,0,10,22,15,200580
342009,6,2,0,139,0,0,0,0,1,0,0,0,0,0,0,0,0,0,0,1,0,0,0,1,0,0,0,0,1913,0,0,0,120,0,227513
343629,6,1,0,16,0,0,0,0,1,0,0,0,0,0,5,0,0,0,0,1,0,0,0,1,0,0,0,0,0,0,0,0,1,0,228303
344110,6,5,1,255,0,0,0,0,1,0,0,0,0,0,0,0,0,0,0,1,0,0,0,1,0,0,0,0,22,0,0,12,18,16,228524
344218,6,0,1,255,14,0,0,0,1,0,0,0,33,0,0,0,0,0,0,1,0,0,0,1,0,0,0,0,33,0,144,0,104,0,202978
344219,6,50,1,255,0,0,0,0,1,0,0,0,33,0,0,0,0,0,0,1,0,0,0,1,0,0,0,0,33,0,144,0,104,0,202978
344436,6,300,0,255,23,0,0,0,1,0,0,0,0,0,0,0,0,0,0,1,0,0,0,1,0,0,0,0,22,0,0,0,6,0,224188
344483,6,100,0,255,0,0,0,0,1,0,0,0,0,0,0,0,0,0,0,1,0,0,0,1,0,0,0,0,35,0,0,0,1,0,228686
344683,6,25,1,255,14,0,0,0,1,0,0,0,0,0,0,0,0,0,0,1,0,0,0,1,0,0,0,0,20,0,0,13,18,8,203646
344980,6,100,2,255,0,0,0,0,1,0,0,0,0,0,0,0,0,0,0,1,0,0,0,1,0,0,0,0,34,0,48,0,54,0,228891
344981,6,100,2,255,0,0,0,0,1,0,0,0,0,0,0,0,0,0,0,1,0,0,0,1,0,0,0,0,33,0,48,0,54,0,228890
345071,6,300,0,255,17,0,0,0,1,0,0,0,0,0,0,0,0,0,0,1,0,0,0,1,0,0,0,0,34,0,0,0,6,0,198108
345105,6,100,1,255,0,0,0,0,1,0,0,0,0,0,0,0,0,1,0,1,0,0,0,1,0,0,0,0,34,0,0,0,6,0,228932
345668,6,1000,1,16,0,0,0,0,1,0,0,0,0,0,0,0,0,0,0,1,0,0,0,1,0,0,0,0,0,0,0,0,1,0,229264
345773,6,4,1,139,0,0,0,0,1,0,0,0,0,0,0,0,0,0,0,1,0,0,0,1,0,0,0,0,73,0,0,0,1,0,229332
346170,6,900,1,255,0,0,0,0,1,0,0,0,0,0,0,0,0,0,0,1,0,0,0,1,0,0,0,0,35,0,0,7,87,16,227040
346859,6,3,0,139,0,0,0,0,1,0,0,0,0,0,0,0,0,0,0,1,0,0,0,1,0,0,0,0,1080,0,0,0,1,0,229930
347136,6,0,0,139,0,0,0,0,1,0,0,0,0,0,0,0,0,0,0,1,0,0,0,1,0,0,0,0,974,0,0,0,1,0,230113
348496,6,3,1,139,0,0,0,0,1,0,0,0,0,0,0,0,0,0,0,1,0,0,0,1,0,0,0,0,19,0,0,0,1,0,231114
349246,6,1,0,139,0,0,0,0,1,0,0,0,0,0,0,0,0,0,0,1,0,0,0,1,0,0,0,0,73,0,0,0,1,0,231537
350316,6,100,0,255,0,0,0,0,1,0,0,0,0,0,0,0,0,0,0,1,0,0,0,1,0,0,0,0,34,0,0,0,25,0,232162
350383,6,3,1,139,0,0,0,0,1,0,0,0,0,0,0,0,0,0,0,1,0,0,0,1,0,0,0,0,19,0,0,0,1,0,232200
350712,6,10,0,255,0,0,0,0,1,0,0,0,0,0,0,0,0,0,0,1,0,0,0,1,0,0,0,0,22,0,0,0,25,0,232375
352276,6,3,0,139,0,0,0,0,1,0,0,0,0,0,0,0,0,0,0,1,0,0,0,1,0,0,0,0,14,0,0,0,1,0,233251
353740,6,100,1,255,17,0,0,0,1,0,0,0,0,0,0,0,0,1,0,1,0,0,0,1,0,0,0,0,34,0,0,0,6,0,228932
353741,6,100,1,255,15,0,0,0,1,0,0,0,0,0,0,0,0,1,0,1,0,0,0,1,0,0,0,0,34,0,0,0,6,0,228932
353742,6,100,1,255,14,0,0,0,1,0,0,0,0,0,0,0,0,1,0,1,0,0,0,1,0,0,0,0,34,0,0,0,6,0,228932
354532,6,300,0,255,0,0,0,0,1,0,0,0,0,0,0,0,0,0,0,1,0,0,0,1,0,0,0,0,34,0,0,0,25,0,234619
354776,6,1000,0,16,0,0,0,0,1,0,0,0,0,0,0,0,0,0,0,1,0,0,0,1,0,0,0,0,0,0,10,0,120,0,234734
354778,6,10,0,16,0,0,0,0,1,0,0,0,0,0,5,0,0,0,0,1,0,0,0,1,0,0,0,0,0,0,10,0,120,0,234736
356962,6,100,1,255,0,0,0,0,1,0,0,0,0,0,0,0,0,0,0,1,0,0,0,1,0,0,0,0,33,0,0,0,6,0,236131
356972,6,100,1,255,0,0,0,0,1,0,0,0,0,0,0,0,0,0,0,1,0,0,0,1,0,0,0,0,33,0,0,0,6,0,236138
356985,6,300,3,255,0,0,0,0,1,0,0,0,0,0,0,0,0,0,0,1,0,0,0,1,0,0,0,0,34,0,0,0,1,0,236011
357141,6,5,0,16,0,0,0,0,1,0,0,0,0,0,5,0,0,0,0,1,0,0,0,1,0,0,0,0,0,0,0,0,1,0,236238
357694,6,75,1,255,0,0,0,0,1,0,0,0,0,0,0,0,0,1,0,1,0,0,0,1,0,0,0,0,33,0,0,0,6,0,236494
357734,6,1,0,255,17,0,0,0,1,0,0,0,0,0,0,0,0,0,0,1,0,0,0,1,0,0,0,0,22,0,0,0,25,0,232375
357950,6,4,1,139,0,0,0,0,1,0,0,0,0,0,0,0,0,0,0,1,0,0,0,1,0,0,0,0,73,0,0,0,1,0,236638
358015,6,3,0,139,0,0,0,0,1,0,0,0,0,0,0,0,0,0,0,1,0,0,0,1,0,0,0,0,1888,0,0,0,1,0,236683
359204,6,5,1,255,0,0,0,0,1,0,0,0,0,0,0,0,0,1,0,1,0,0,0,1,0,0,0,0,34,0,0,0,6,0,236340
362569,6,40,1,255,14,0,0,0,1,0,0,0,0,0,0,0,0,0,0,1,0,0,0,1,0,0,0,0,33,0,0,0,1,0,212647
363073,6,5,0,16,0,0,0,0,1,0,0,0,0,0,5,0,0,0,0,1,0,0,0,1,0,0,0,0,0,0,0,0,1,0,239575
365976,6,100,1,255,0,0,0,0,1,0,0,0,0,0,0,0,0,0,0,1,0,0,0,1,0,0,0,0,33,0,0,0,6,0,241267
366050,6,15,1,255,0,0,0,0,1,0,0,0,0,0,0,0,0,0,0,1,0,0,0,1,0,0,0,0,33,0,0,48,18,16,241275
366983,6,25,0,255,0,0,0,0,1,0,0,0,0,0,0,0,0,0,0,1,0,0,0,1,0,0,0,0,22,0,0,0,25,0,241729
368252,6,1,0,16,0,0,0,0,1,0,0,0,0,0,5,0,0,0,0,1,0,0,0,1,0,0,0,0,0,0,0,0,1,0,242550
368757,6,75,1,255,17,0,0,0,1,0,0,0,0,0,0,0,0,1,0,1,0,0,0,1,0,0,0,0,33,0,0,0,6,0,236494
368758,6,75,1,255,15,0,0,0,1,0,0,0,0,0,0,0,0,1,0,1,0,0,0,1,0,0,0,0,33,0,0,0,6,0,236494
368759,6,50,1,255,14,0,0,0,1,0,0,0,0,0,0,0,0,1,0,1,0,0,0,1,0,0,0,0,33,0,0,0,6,0,236494
368929,6,1000,1,16,0,0,0,0,1,0,0,0,0,0,0,0,0,0,0,1,0,0,0,1,0,0,0,0,0,0,0,0,1,0,242960
369778,6,300,1,255,0,0,0,0,1,0,0,0,0,0,0,0,0,0,0,1,0,0,0,1,0,0,0,0,22,0,48,0,129,0,243401
370449,6,100,1,255,0,0,0,0,1,0,0,0,0,0,0,0,0,0,0,1,0,0,0,1,0,0,0,0,35,0,0,0,6,0,243713
371350,6,500,2,255,0,0,0,0,1,0,0,0,0,0,0,0,0,1,0,1,0,0,0,1,0,0,0,0,33,0,0,0,6,0,244291
371996,6,15,1,255,0,0,0,0,1,0,0,0,0,0,0,0,0,0,0,1,0,0,0,1,0,0,0,0,22,0,0,0,25,0,244517
372048,6,25,1,255,0,0,0,0,1,0,0,0,0,0,0,0,0,0,0,1,0,0,0,1,0,0,0,0,34,0,0,12,22,15,244709
372384,6,100,0,255,0,0,0,0,1,0,0,0,0,0,0,0,0,0,0,1,0,0,0,1,0,0,0,0,33,0,0,0,6,0,244899
372405,6,100,1,255,0,0,0,0,1,0,0,0,0,0,0,0,0,1,0,1,0,0,0,1,0,0,0,0,35,0,0,41,22,7,244912
372438,6,1,0,16,0,0,0,0,1,0,0,0,0,0,5,0,0,0,0,1,0,0,0,1,0,0,0,0,0,0,0,0,1,0,244940
372487,6,0,1,139,0,0,0,0,1,0,0,0,0,0,0,0,0,0,0,1,0,0,0,1,0,0,0,0,14,0,0,0,0,0,244970
372590,6,75,0,255,0,0,0,0,1,0,0,0,0,0,0,0,0,0,0,1,0,0,0,1,0,0,0,0,33,0,0,0,25,0,245024
373359,6,25,1,255,0,0,0,0,1,0,0,0,0,0,0,0,0,0,0,1,0,0,0,1,0,0,0,0,34,0,0,51,22,15,245444
374388,6,100,1,255,0,0,0,0,1,0,0,0,0,0,0,0,0,0,0,1,0,0,0,1,0,0,0,0,34,0,0,41,22,7,245960
374943,6,10,1,255,17,0,0,0,1,0,0,0,0,0,0,0,0,0,0,1,0,0,0,1,0,0,0,0,33,0,0,48,18,16,241275
375287,6,100,1,255,17,0,0,0,1,0,0,0,0,0,0,0,0,0,0,1,0,0,0,1,0,0,0,0,33,0,0,0,6,0,241267
375288,6,100,1,255,15,0,0,0,1,0,0,0,0,0,0,0,0,0,0,1,0,0,0,1,0,0,0,0,33,0,0,0,6,0,241267
375289,6,50,1,255,14,0,0,0,1,0,0,0,0,0,0,0,0,0,0,1,0,0,0,1,0,0,0,0,33,0,0,0,6,0,241267
375782,6,5,0,16,0,0,0,0,1,0,0,0,0,0,5,0,0,0,0,1,0,0,0,1,0,0,0,0,0,0,0,0,1,0,246704
376368,6,500,2,255,0,0,0,0,1,0,0,0,0,0,0,0,0,1,0,1,0,0,0,3,0,0,0,0,34,0,20,0,104,0,247079
376834,6,50,1,255,0,0,0,0,1,0,0,0,33,0,0,0,0,0,0,1,0,0,0,1,0,0,0,0,34,0,0,0,25,0,247318
376886,6,5,1,255,0,0,0,0,1,0,0,0,0,0,0,0,0,0,0,1,0,0,0,1,0,0,0,0,33,0,0,0,25,0,247361
377131,6,100,1,255,0,0,0,0,1,0,0,0,0,0,0,0,0,0,0,1,0,0,0,1,0,0,0,0,33,0,12,0,129,0,247495
465728,6,150,1,255,16,0,0,0,1,0,0,0,0,0,0,0,0,1,0,1,0,0,0,1,0,0,0,0,33,0,0,0,6,0,236494
465918,6,100,2,255,0,0,0,0,1,0,0,0,0,0,0,0,0,0,0,1,0,0,0,1,0,0,0,0,22,0,88,0,104,0,248645
465927,6,25,1,255,0,0,0,0,1,0,0,0,0,0,0,0,0,0,0,1,0,0,0,1,0,0,0,0,33,0,0,0,6,0,248700
466070,6,10,1,255,0,0,0,0,1,0,0,0,0,0,0,0,0,0,0,1,0,0,0,1,0,0,0,0,34,0,0,0,6,0,248770
466082,6,1000,1,16,0,0,0,0,1,0,0,0,0,0,0,0,0,0,0,1,0,0,0,1,0,0,0,0,0,0,0,0,21,0,248776
466087,6,1000,1,16,0,0,0,0,1,0,0,0,0,0,0,0,0,0,0,1,0,0,0,1,0,0,0,0,0,0,0,0,21,0,248779
466631,6,25,1,255,0,0,0,0,1,0,0,0,0,0,0,0,0,0,0,1,0,0,0,1,0,0,0,0,34,0,0,83,22,15,249067
468341,6,10,1,255,0,0,0,0,1,0,0,0,34,0,0,0,0,0,0,1,0,0,0,1,0,0,0,0,34,0,0,0,25,0,249156
468559,6,2,0,255,0,0,0,0,1,0,0,0,35,0,0,0,0,0,0,1,0,0,0,1,0,0,0,0,35,0,0,0,1,0,250140
469363,6,50,1,255,15,0,0,0,1,0,0,0,0,0,0,0,0,0,0,1,0,0,0,1,0,0,0,0,34,0,0,12,22,15,244709
469364,6,100,1,255,16,0,0,0,1,0,0,0,0,0,0,0,0,0,0,1,0,0,0,1,0,0,0,0,34,0,0,12,22,15,244709
471892,6,100,1,255,0,0,0,0,1,0,0,0,0,0,0,0,0,0,0,1,0,0,0,1,0,0,0,0,33,0,0,7,22,7,252138
473264,6,1000,1,16,0,0,0,0,1,0,0,0,0,0,0,0,0,0,0,1,0,0,0,1,0,0,0,0,0,0,0,0,1,0,253035
474357,6,100,0,255,0,0,0,0,1,0,0,0,0,0,0,0,0,0,0,1,0,0,0,1,0,0,0,0,35,0,0,88,22,15,253753
475192,6,1,3,139,0,0,0,0,1,0,0,0,0,0,0,0,0,0,0,1,0,0,0,1,0,0,0,0,2165,0,0,0,1,0,254174
475193,6,1,4,139,0,0,0,0,1,0,0,0,0,0,0,0,0,0,0,1,0,0,0,1,0,0,0,0,1947,0,0,0,1,0,254174
476158,6,100,0,16,0,0,0,0,1,0,0,0,0,0,5,0,0,0,0,1,0,0,0,1,0,0,0,0,0,0,0,0,1,0,254753
476416,6,200,1,255,0,0,0,0,1,0,0,0,0,0,0,0,0,1,0,1,0,0,0,1,0,0,0,0,33,0,0,8,53,16,254919
479164,6,200,2,255,0,0,0,0,1,0,0,0,0,0,0,0,0,0,0,1,0,0,0,1,0,0,0,0,22,0,9,0,104,0,248499
481083,6,250,2,255,16,0,0,0,1,0,0,0,0,0,0,0,0,0,0,1,0,0,0,1,0,0,0,0,22,0,9,0,104,0,248499
481084,6,150,2,255,15,0,0,0,1,0,0,0,0,0,0,0,0,0,0,1,0,0,0,1,0,0,0,0,22,0,9,0,104,0,248499
481085,6,75,2,255,14,0,0,0,1,0,0,0,0,0,0,0,0,0,0,1,0,0,0,1,0,0,0,0,22,0,9,0,104,0,248499
481512,6,10,1,255,0,0,0,0,1,0,0,0,0,0,0,0,0,0,0,1,0,0,0,1,0,0,0,0,22,0,0,48,22,15,257920
481614,6,200,1,255,0,0,0,0,1,0,0,0,0,0,0,0,0,1,0,1,0,0,0,1,0,0,0,0,33,0,0,0,6,0,257978
481734,6,200,2,255,0,0,0,0,1,0,0,0,0,0,0,0,0,0,0,1,0,0,0,1,0,0,0,0,22,0,9,0,104,0,258039
483048,6,200,2,255,0,0,0,0,1,0,0,0,0,0,0,0,0,0,0,1,0,0,0,1,0,0,0,0,22,0,9,0,104,0,258838
483189,6,5,1,139,0,0,0,0,1,0,0,0,0,0,0,0,0,0,0,1,0,0,0,1,0,0,0,0,67,0,0,0,1,0,258930
483277,6,50,2,255,17,0,0,0,1,0,0,0,0,0,0,0,0,0,0,1,0,0,0,1,0,0,0,0,22,0,9,0,104,0,248499
623233,6,380,0,16,0,0,0,0,1,0,0,0,0,0,5,0,0,0,0,1,0,0,0,1,0,0,0,0,0,0,0,0,21,0,262176
